customer_id,gender,senior_citizen,partner,dependents,tenure_months,phone_service,multiple_lines,internet_service,online_security,online_backup,device_protection,tech_support,streaming_tv,streaming_movies,contract_type,paperless_billing,payment_method,monthly_charges,total_charges,churn,churn_flag,tenure_band,tenure_sort_index
C00001,Female,0,Yes,No,11,Yes,No,DSL,Yes,Yes,Yes,No,No,No,Month-to-month,No,Mailed check,42.7,439.2,No,0,7-12,2
C00002,Male,0,Yes,No,27,Yes,No phone service,No internet service,No internet service,No internet service,No internet service,No internet service,No internet service,No internet service,One year,Yes,Mailed check,30.4,876.85,No,0,25-48,4
C00003,Female,0,Yes,No,13,Yes,No,DSL,No,No,No,Yes,No,No,Month-to-month,No,Bank transfer,33.21,454.36,No,0,13-24,3
C00004,Male,0,Yes,No,61,Yes,Yes,DSL,Yes,No,Yes,Yes,Yes,Yes,Month-to-month,Yes,Electronic check,35.86,2080.59,Yes,1,49-72,5
C00005,Female,1,Yes,No,37,Yes,Yes,Fiber optic,Yes,No,Yes,No,No,No,Month-to-month,No,Bank transfer,58.97,2121.09,Yes,1,25-48,4
C00006,Female,0,Yes,No,25,Yes,No,Fiber optic,Yes,Yes,No,No,No,No,Month-to-month,Yes,Credit card,56.88,1460.64,No,0,25-48,4
C00007,Male,0,No,Yes,40,No,No phone service,Fiber optic,No,No,No,Yes,No,No,Month-to-month,Yes,Electronic check,54.16,2127.4,Yes,1,25-48,4
C00008,Male,1,Yes,No,44,Yes,No phone service,No internet service,No internet service,No internet service,No internet service,No internet service,No internet service,No internet service,One year,No,Mailed check,27.45,1239.66,No,0,25-48,4
C00009,Male,0,Yes,No,16,No,No,No internet service,No internet service,No internet service,No internet service,No internet service,No internet service,No internet service,Month-to-month,Yes,Electronic check,25.47,418.5,Yes,1,13-24,3
C00010,Male,0,Yes,Yes,31,Yes,Yes,Fiber optic,Yes,No,No,No,Yes,Yes,Two year,Yes,Electronic check,64.56,1938.58,No,0,25-48,4
C00011,Female,0,Yes,No,24,Yes,No,No internet service,No internet service,No internet service,No internet service,No internet service,No internet service,No internet service,Month-to-month,Yes,Bank transfer,20.33,453.44,Yes,1,13-24,3
C00012,Male,0,No,No,20,No,No phone service,Fiber optic,No,Yes,No,No,Yes,Yes,One year,No,Mailed check,56.13,1105.79,Yes,1,13-24,3
C00013,Female,1,Yes,No,20,Yes,Yes,Fiber optic,No,Yes,No,No,No,No,Month-to-month,Yes,Electronic check,63.43,1199.85,Yes,1,13-24,3
C00014,Male,0,Yes,No,43,Yes,No,DSL,No,No,No,Yes,No,Yes,Month-to-month,Yes,Mailed check,35.88,1575.0,Yes,1,25-48,4
C00015,Female,1,Yes,Yes,12,Yes,Yes,DSL,No,No,Yes,No,No,Yes,Month-to-month,Yes,Credit card,33.47,386.59,Yes,1,7-12,2
C00016,Female,0,Yes,Yes,12,Yes,No,DSL,Yes,No,No,No,No,No,Month-to-month,Yes,Mailed check,33.25,424.7,Yes,1,7-12,2
C00017,Male,0,Yes,Yes,33,Yes,Yes,DSL,No,No,No,Yes,No,No,One year,Yes,Electronic check,30.77,1057.41,No,0,25-48,4
C00018,Female,0,Yes,No,72,Yes,No,DSL,No,No,No,No,Yes,No,Two year,Yes,Bank transfer,32.88,2335.47,No,0,49-72,5
C00019,Female,0,No,No,35,Yes,No,DSL,No,No,Yes,Yes,Yes,No,Month-to-month,No,Electronic check,32.06,1062.96,No,0,25-48,4
C00020,Female,0,Yes,No,43,Yes,No,No internet service,No internet service,No internet service,No internet service,No internet service,No internet service,No internet service,One year,No,Credit card,18.65,799.68,Yes,1,25-48,4
C00021,Male,0,Yes,No,12,Yes,No,DSL,No,Yes,No,Yes,No,No,Month-to-month,Yes,Electronic check,39.34,459.36,Yes,1,7-12,2
C00022,Female,1,Yes,No,56,Yes,Yes,DSL,No,No,No,Yes,No,No,Month-to-month,Yes,Credit card,37.21,2101.78,No,0,49-72,5
C00023,Female,0,Yes,No,34,Yes,No,DSL,No,No,Yes,Yes,Yes,No,Month-to-month,Yes,Credit card,38.65,1231.63,Yes,1,25-48,4
C00024,Male,1,Yes,No,15,Yes,Yes,DSL,No,No,No,No,No,Yes,Two year,Yes,Mailed check,33.89,533.42,No,0,13-24,3
C00025,Female,0,Yes,No,24,Yes,No,Fiber optic,No,Yes,No,No,Yes,Yes,Month-to-month,No,Mailed check,57.73,1311.17,Yes,1,13-24,3
C00026,Male,0,No,No,31,Yes,No phone service,No internet service,No internet service,No internet service,No internet service,No internet service,No internet service,No internet service,Month-to-month,No,Electronic check,26.8,883.1,Yes,1,25-48,4
C00027,Female,0,No,Yes,20,Yes,Yes,Fiber optic,No,Yes,Yes,No,No,No,Two year,Yes,Credit card,63.14,1312.66,No,0,13-24,3
C00028,Female,0,No,No,72,No,No phone service,No internet service,No internet service,No internet service,No internet service,No internet service,No internet service,No internet service,One year,No,Electronic check,18.0,1229.49,No,0,49-72,5
C00029,Male,0,No,No,13,Yes,No,Fiber optic,Yes,No,No,No,Yes,Yes,Month-to-month,No,Mailed check,59.03,767.48,Yes,1,13-24,3
C00030,Male,0,No,No,29,Yes,No,Fiber optic,Yes,No,No,Yes,No,Yes,Two year,No,Bank transfer,50.75,1473.24,No,0,25-48,4
C00031,Male,0,Yes,No,21,Yes,No,DSL,No,No,No,No,No,Yes,Two year,No,Bank transfer,31.37,619.88,No,0,13-24,3
C00032,Female,0,Yes,No,40,Yes,No,Fiber optic,Yes,Yes,No,No,No,Yes,One year,Yes,Mailed check,60.23,2572.95,No,0,25-48,4
C00033,Male,0,No,No,11,Yes,No,No internet service,No internet service,No internet service,No internet service,No internet service,No internet service,No internet service,One year,Yes,Electronic check,27.14,320.81,No,0,7-12,2
C00034,Male,0,No,No,7,Yes,No,DSL,Yes,Yes,No,No,Yes,No,Month-to-month,Yes,Electronic check,39.58,259.73,No,0,7-12,2
C00035,Male,0,No,Yes,24,Yes,No,Fiber optic,No,No,No,Yes,No,No,One year,No,Electronic check,58.35,1372.21,No,0,13-24,3
C00036,Male,0,Yes,No,7,Yes,No,Fiber optic,No,No,No,No,No,No,Month-to-month,No,Bank transfer,54.56,396.95,Yes,1,7-12,2
C00037,Female,1,Yes,No,21,Yes,Yes,Fiber optic,No,Yes,No,No,Yes,Yes,Month-to-month,Yes,Electronic check,69.64,1418.06,No,0,13-24,3
C00038,Female,1,Yes,No,20,Yes,No,Fiber optic,Yes,Yes,Yes,Yes,No,No,Two year,No,Bank transfer,54.13,999.66,No,0,13-24,3
C00039,Female,1,No,No,38,Yes,No,DSL,No,Yes,Yes,Yes,No,No,One year,No,Electronic check,38.78,1430.73,No,0,25-48,4
C00040,Male,0,Yes,Yes,34,Yes,No,Fiber optic,Yes,No,No,Yes,No,Yes,Month-to-month,No,Credit card,75.07,2450.03,Yes,1,25-48,4
C00041,Male,1,Yes,No,10,Yes,No,DSL,No,No,No,Yes,No,No,Two year,No,Credit card,39.31,419.82,No,0,7-12,2
C00042,Male,0,No,No,10,Yes,No,DSL,Yes,No,No,Yes,Yes,No,Two year,No,Electronic check,39.32,402.16,Yes,1,7-12,2
C00043,Female,0,No,Yes,31,Yes,Yes,Fiber optic,No,Yes,No,No,No,No,Two year,No,Electronic check,48.17,1465.82,No,0,25-48,4
C00044,Male,1,No,No,5,Yes,No,DSL,No,No,No,Yes,No,Yes,One year,Yes,Bank transfer,46.64,228.26,Yes,1,0-6,1
C00045,Male,0,Yes,Yes,11,Yes,Yes,DSL,No,No,No,No,Yes,Yes,Month-to-month,No,Electronic check,44.5,522.11,Yes,1,7-12,2
C00046,Female,0,No,Yes,72,Yes,No,DSL,No,Yes,No,No,No,No,Month-to-month,Yes,Credit card,42.14,3049.97,Yes,1,49-72,5
C00047,Male,0,No,No,10,Yes,No,DSL,Yes,No,Yes,Yes,No,Yes,Two year,Yes,Credit card,37.05,377.28,No,0,7-12,2
C00048,Female,1,Yes,No,6,Yes,No,Fiber optic,Yes,No,No,No,Yes,No,One year,No,Mailed check,55.14,346.77,No,0,0-6,1
C00049,Female,0,Yes,No,11,Yes,No,DSL,No,No,Yes,Yes,Yes,No,Month-to-month,Yes,Electronic check,31.92,328.37,Yes,1,7-12,2
C00050,Female,0,Yes,No,2,Yes,No,Fiber optic,No,No,No,Yes,Yes,Yes,One year,No,Mailed check,61.36,128.6,Yes,1,0-6,1
C00051,Male,0,No,Yes,41,Yes,Yes,Fiber optic,Yes,No,Yes,Yes,Yes,No,Two year,Yes,Mailed check,68.38,2874.39,No,0,25-48,4
C00052,Female,0,No,No,56,Yes,No,DSL,No,No,No,No,No,Yes,Month-to-month,Yes,Electronic check,39.17,2112.99,Yes,1,49-72,5
C00053,Female,1,Yes,No,36,Yes,No,DSL,Yes,Yes,No,No,No,No,Two year,No,Mailed check,32.71,1155.58,No,0,25-48,4
C00054,Male,0,No,Yes,32,Yes,Yes,Fiber optic,Yes,Yes,No,No,Yes,No,Month-to-month,Yes,Electronic check,61.06,2106.05,No,0,25-48,4
C00055,Female,1,Yes,No,72,Yes,No,Fiber optic,No,Yes,No,Yes,No,No,Month-to-month,No,Electronic check,50.98,3722.39,Yes,1,49-72,5
C00056,Male,0,No,Yes,6,Yes,No,Fiber optic,Yes,No,No,No,No,No,Two year,Yes,Credit card,52.99,315.01,No,0,0-6,1
C00057,Male,0,No,No,29,Yes,Yes,Fiber optic,No,Yes,No,No,No,Yes,Two year,Yes,Mailed check,63.3,1720.1,Yes,1,25-48,4
C00058,Male,0,Yes,No,40,Yes,No,DSL,No,No,Yes,No,Yes,No,Month-to-month,No,Mailed check,37.1,1549.72,No,0,25-48,4
C00059,Male,0,Yes,No,22,Yes,No,Fiber optic,Yes,No,No,Yes,No,No,Month-to-month,No,Mailed check,65.15,1457.59,Yes,1,13-24,3
C00060,Male,0,No,No,16,Yes,No,No internet service,No internet service,No internet service,No internet service,No internet service,No internet service,No internet service,Month-to-month,Yes,Bank transfer,24.58,410.4,No,0,13-24,3
C00061,Male,1,Yes,No,15,Yes,No,DSL,No,Yes,No,Yes,Yes,Yes,One year,No,Mailed check,37.51,584.72,No,0,13-24,3
C00062,Male,1,Yes,Yes,7,Yes,No,No internet service,No internet service,No internet service,No internet service,No internet service,No internet service,No internet service,One year,Yes,Credit card,24.21,175.16,Yes,1,7-12,2
C00063,Female,1,No,No,11,Yes,No,Fiber optic,Yes,No,No,Yes,No,No,Two year,Yes,Electronic check,60.34,686.0,Yes,1,7-12,2
C00064,Male,0,No,Yes,11,Yes,No,Fiber optic,Yes,No,No,Yes,No,No,Month-to-month,Yes,Bank transfer,63.14,709.7,Yes,1,7-12,2
C00065,Female,0,No,No,21,Yes,Yes,Fiber optic,Yes,No,No,No,Yes,Yes,Month-to-month,No,Electronic check,66.34,1426.4,Yes,1,13-24,3
C00066,Female,0,No,No,35,Yes,No,Fiber optic,Yes,No,No,Yes,No,Yes,Month-to-month,No,Electronic check,71.38,2352.04,Yes,1,25-48,4
C00067,Female,0,No,No,35,No,No phone service,No internet service,No internet service,No internet service,No internet service,No internet service,No internet service,No internet service,Month-to-month,No,Credit card,19.57,674.95,No,0,25-48,4
C00068,Female,0,Yes,No,19,Yes,No,Fiber optic,Yes,No,Yes,Yes,Yes,No,One year,Yes,Credit card,70.69,1284.14,No,0,13-24,3
C00069,Male,0,No,No,22,No,No phone service,DSL,No,No,Yes,Yes,No,No,Month-to-month,Yes,Credit card,33.1,761.69,Yes,1,13-24,3
C00070,Male,0,No,Yes,72,Yes,No,DSL,No,Yes,No,No,No,No,Two year,Yes,Electronic check,45.17,3453.31,No,0,49-72,5
C00071,Female,0,No,No,14,Yes,Yes,Fiber optic,No,Yes,Yes,No,Yes,No,Two year,Yes,Bank transfer,56.74,793.62,Yes,1,13-24,3
C00072,Male,0,Yes,No,36,Yes,No,DSL,No,Yes,No,Yes,Yes,No,Two year,Yes,Bank transfer,40.27,1373.87,No,0,25-48,4
C00073,Female,1,Yes,No,3,Yes,Yes,DSL,No,No,No,No,Yes,No,Two year,No,Bank transfer,44.82,127.01,Yes,1,0-6,1
C00074,Female,0,Yes,No,18,Yes,No,Fiber optic,Yes,Yes,No,Yes,No,No,Month-to-month,Yes,Electronic check,63.17,1102.67,No,0,13-24,3
C00075,Female,0,Yes,No,30,Yes,No,Fiber optic,No,No,Yes,No,No,No,Month-to-month,No,Electronic check,64.95,1956.32,Yes,1,25-48,4
C00076,Male,0,Yes,Yes,72,Yes,No,Fiber optic,No,No,Yes,No,No,No,Month-to-month,Yes,Credit card,56.56,4391.8,Yes,1,49-72,5
C00077,Female,0,No,No,69,Yes,No,DSL,No,Yes,Yes,No,Yes,No,Month-to-month,Yes,Electronic check,39.29,2697.71,Yes,1,49-72,5
C00078,Female,0,No,Yes,38,Yes,Yes,Fiber optic,Yes,Yes,No,No,No,No,One year,Yes,Bank transfer,64.19,2435.39,No,0,25-48,4
C00079,Male,1,No,No,5,Yes,No,DSL,Yes,No,No,No,No,No,One year,Yes,Electronic check,39.24,200.88,No,0,0-6,1
C00080,Female,1,No,Yes,11,Yes,Yes,Fiber optic,No,Yes,No,No,Yes,No,Two year,Yes,Electronic check,64.31,746.4,No,0,7-12,2
C00081,Male,0,No,No,26,Yes,No,DSL,Yes,No,Yes,Yes,No,No,Month-to-month,No,Bank transfer,34.23,939.86,No,0,25-48,4
C00082,Male,0,No,Yes,13,Yes,No,DSL,No,Yes,No,No,Yes,Yes,Month-to-month,Yes,Bank transfer,39.67,526.51,Yes,1,13-24,3
C00083,Female,0,Yes,No,24,Yes,No,DSL,Yes,No,No,Yes,No,No,Month-to-month,Yes,Electronic check,40.74,947.65,Yes,1,13-24,3
C00084,Male,0,Yes,No,13,Yes,Yes,DSL,No,No,Yes,No,No,No,Month-to-month,Yes,Bank transfer,30.73,407.18,No,0,13-24,3
C00085,Male,0,Yes,No,22,Yes,No,Fiber optic,Yes,No,Yes,No,No,Yes,Month-to-month,Yes,Credit card,64.57,1473.36,No,0,13-24,3
C00086,Male,0,No,No,33,Yes,No,Fiber optic,No,No,Yes,No,No,No,Month-to-month,Yes,Electronic check,52.74,1612.59,Yes,1,25-48,4
C00087,Male,0,No,No,33,Yes,Yes,DSL,Yes,No,Yes,No,Yes,No,Month-to-month,Yes,Electronic check,40.58,1402.07,Yes,1,25-48,4
C00088,Female,0,Yes,No,40,Yes,No,Fiber optic,No,No,Yes,No,Yes,Yes,One year,No,Credit card,63.24,2478.08,Yes,1,25-48,4
C00089,Female,0,No,No,7,Yes,No,Fiber optic,No,Yes,No,No,No,No,Month-to-month,No,Credit card,56.97,414.07,Yes,1,7-12,2
C00090,Female,0,No,Yes,69,Yes,No,Fiber optic,No,Yes,No,Yes,Yes,No,Month-to-month,No,Bank transfer,61.16,4229.92,Yes,1,49-72,5
C00091,Male,0,Yes,No,20,No,No phone service,DSL,No,No,No,No,No,No,Month-to-month,No,Credit card,24.8,524.0,No,0,13-24,3
C00092,Male,0,No,Yes,4,Yes,No,No internet service,No internet service,No internet service,No internet service,No internet service,No internet service,No internet service,Month-to-month,No,Electronic check,24.57,104.36,Yes,1,0-6,1
C00093,Female,0,Yes,Yes,7,Yes,No,Fiber optic,No,No,No,Yes,Yes,No,Month-to-month,No,Mailed check,71.26,482.57,Yes,1,7-12,2
C00094,Female,0,No,Yes,5,Yes,No,Fiber optic,Yes,Yes,No,No,No,Yes,Two year,No,Bank transfer,59.05,295.1,No,0,0-6,1
C00095,Male,1,No,No,41,Yes,No,Fiber optic,No,Yes,No,Yes,No,No,Month-to-month,Yes,Electronic check,56.65,2372.65,Yes,1,25-48,4
C00096,Female,0,No,Yes,27,Yes,No,Fiber optic,No,No,No,No,No,Yes,Month-to-month,No,Electronic check,59.29,1702.51,Yes,1,25-48,4
C00097,Male,0,Yes,No,18,Yes,No,No internet service,No internet service,No internet service,No internet service,No internet service,No internet service,No internet service,Two year,No,Bank transfer,29.92,551.78,No,0,13-24,3
C00098,Female,0,No,No,35,Yes,No,No internet service,No internet service,No internet service,No internet service,No internet service,No internet service,No internet service,One year,Yes,Bank transfer,27.93,987.17,No,0,25-48,4
C00099,Female,0,No,Yes,42,Yes,No,No internet service,No internet service,No internet service,No internet service,No internet service,No internet service,No internet service,One year,Yes,Bank transfer,23.39,1031.84,No,0,25-48,4
C00100,Male,0,Yes,Yes,47,Yes,No,Fiber optic,Yes,No,Yes,Yes,No,No,Month-to-month,Yes,Credit card,58.71,2960.41,Yes,1,25-48,4
C00101,Female,1,No,Yes,2,Yes,No,Fiber optic,No,Yes,No,Yes,No,Yes,Month-to-month,No,Mailed check,57.09,109.54,Yes,1,0-6,1
C00102,Female,0,No,No,57,Yes,Yes,Fiber optic,Yes,No,No,Yes,No,No,One year,No,Bank transfer,55.85,3124.62,No,0,49-72,5
C00103,Male,0,Yes,No,41,Yes,Yes,Fiber optic,Yes,No,No,No,No,Yes,Month-to-month,Yes,Electronic check,64.24,2423.83,No,0,25-48,4
C00104,Female,1,No,No,23,Yes,No phone service,No internet service,No internet service,No internet service,No internet service,No internet service,No internet service,No internet service,Month-to-month,Yes,Mailed check,18.18,413.55,No,0,13-24,3
C00105,Male,0,No,No,58,Yes,Yes,Fiber optic,No,No,No,Yes,Yes,Yes,Month-to-month,No,Electronic check,53.52,3195.18,Yes,1,49-72,5
C00106,Male,0,No,No,10,Yes,No,Fiber optic,Yes,No,Yes,No,No,Yes,One year,Yes,Electronic check,63.24,597.03,Yes,1,7-12,2
C00107,Male,0,No,No,31,Yes,No,DSL,Yes,Yes,No,Yes,No,Yes,Month-to-month,No,Bank transfer,42.04,1222.05,No,0,25-48,4
C00108,Female,0,No,No,11,Yes,No,Fiber optic,Yes,Yes,No,No,No,No,One year,Yes,Mailed check,61.5,714.75,Yes,1,7-12,2
C00109,Male,0,No,No,13,Yes,Yes,Fiber optic,Yes,Yes,No,No,No,No,One year,No,Electronic check,59.5,767.86,No,0,13-24,3
C00110,Male,0,No,No,13,Yes,No,DSL,Yes,Yes,Yes,No,No,Yes,Month-to-month,Yes,Bank transfer,41.2,544.23,Yes,1,13-24,3
C00111,Male,0,Yes,No,43,Yes,Yes,Fiber optic,No,No,No,No,No,No,Two year,Yes,Credit card,52.08,2067.1,No,0,25-48,4
C00112,Female,0,No,No,72,Yes,No,Fiber optic,Yes,No,No,No,Yes,Yes,Month-to-month,No,Bank transfer,62.28,4551.48,Yes,1,49-72,5
C00113,Female,0,No,Yes,36,Yes,No,Fiber optic,Yes,No,No,Yes,Yes,No,Month-to-month,No,Credit card,54.49,1805.97,No,0,25-48,4
C00114,Female,0,Yes,Yes,28,Yes,No,No internet service,No internet service,No internet service,No internet service,No internet service,No internet service,No internet service,Month-to-month,No,Electronic check,26.22,738.41,Yes,1,25-48,4
C00115,Female,1,Yes,No,9,Yes,Yes,DSL,No,No,No,Yes,Yes,No,Month-to-month,Yes,Bank transfer,39.96,378.99,Yes,1,7-12,2
C00116,Male,0,No,No,54,Yes,Yes,DSL,No,Yes,No,Yes,No,No,Month-to-month,Yes,Mailed check,33.77,1839.2,No,0,49-72,5
C00117,Female,0,No,Yes,57,Yes,No,Fiber optic,No,No,No,No,No,No,Month-to-month,Yes,Credit card,54.78,3082.13,Yes,1,49-72,5
C00118,Female,0,Yes,No,33,Yes,No,Fiber optic,No,Yes,Yes,Yes,No,No,Month-to-month,Yes,Credit card,57.86,2028.42,No,0,25-48,4
C00119,Male,1,No,No,10,Yes,Yes,Fiber optic,No,No,Yes,No,Yes,No,Two year,No,Bank transfer,68.19,721.07,Yes,1,7-12,2
C00120,Male,0,Yes,Yes,4,Yes,Yes,Fiber optic,No,No,Yes,Yes,No,No,Two year,Yes,Mailed check,61.15,245.27,No,0,0-6,1
C00121,Male,0,Yes,No,72,Yes,No,DSL,Yes,Yes,No,No,No,Yes,One year,Yes,Credit card,36.1,2751.23,Yes,1,49-72,5
C00122,Female,0,No,No,72,Yes,No,Fiber optic,No,Yes,No,No,No,Yes,Month-to-month,No,Credit card,70.53,4978.34,No,0,49-72,5
C00123,Female,0,No,Yes,36,Yes,Yes,Fiber optic,No,Yes,Yes,Yes,Yes,No,Two year,Yes,Bank transfer,65.26,2315.21,No,0,25-48,4
C00124,Male,0,No,No,51,Yes,No,DSL,No,Yes,Yes,No,Yes,Yes,Month-to-month,Yes,Electronic check,39.39,1890.32,Yes,1,49-72,5
C00125,Male,0,No,Yes,44,Yes,Yes,Fiber optic,Yes,No,Yes,Yes,No,No,Month-to-month,No,Electronic check,53.79,2462.76,Yes,1,25-48,4
C00126,Male,0,No,Yes,8,Yes,No,Fiber optic,Yes,Yes,No,Yes,No,Yes,Two year,No,Credit card,58.08,446.76,No,0,7-12,2
C00127,Male,0,Yes,Yes,29,Yes,No,No internet service,No internet service,No internet service,No internet service,No internet service,No internet service,No internet service,One year,Yes,Bank transfer,18.0,501.32,No,0,25-48,4
C00128,Female,0,Yes,No,32,Yes,Yes,Fiber optic,No,Yes,No,No,No,No,Month-to-month,Yes,Bank transfer,55.44,1902.67,Yes,1,25-48,4
C00129,Male,0,No,No,20,Yes,No,DSL,Yes,No,No,Yes,No,No,Month-to-month,Yes,Bank transfer,29.48,600.61,Yes,1,13-24,3
C00130,Female,0,Yes,No,22,Yes,No,Fiber optic,Yes,No,Yes,No,Yes,No,Two year,No,Credit card,57.62,1315.33,No,0,13-24,3
C00131,Male,0,Yes,No,30,Yes,Yes,DSL,Yes,No,No,No,No,Yes,Month-to-month,Yes,Mailed check,45.94,1475.56,No,0,25-48,4
C00132,Male,1,No,No,29,Yes,Yes,Fiber optic,Yes,Yes,No,No,Yes,No,Month-to-month,Yes,Electronic check,57.24,1637.0,Yes,1,25-48,4
C00133,Female,0,No,No,59,Yes,No,DSL,No,No,Yes,Yes,No,Yes,Month-to-month,Yes,Mailed check,33.19,1967.88,Yes,1,49-72,5
C00134,Female,1,Yes,No,13,Yes,No,Fiber optic,No,No,No,No,No,No,Two year,Yes,Bank transfer,58.14,757.96,No,0,13-24,3
C00135,Female,0,No,No,23,Yes,No,No internet service,No internet service,No internet service,No internet service,No internet service,No internet service,No internet service,Month-to-month,No,Credit card,26.03,642.01,No,0,13-24,3
C00136,Female,1,Yes,No,41,Yes,No,DSL,No,No,No,No,Yes,No,Month-to-month,Yes,Electronic check,37.56,1424.17,No,0,25-48,4
C00137,Male,0,Yes,No,39,Yes,Yes,Fiber optic,No,No,Yes,No,Yes,No,One year,Yes,Mailed check,62.45,2447.98,No,0,25-48,4
C00138,Female,0,No,No,38,Yes,No,Fiber optic,No,Yes,No,Yes,No,No,Two year,Yes,Electronic check,55.19,1946.26,No,0,25-48,4
C00139,Female,0,Yes,No,27,Yes,No phone service,No internet service,No internet service,No internet service,No internet service,No internet service,No internet service,No internet service,Month-to-month,No,Mailed check,34.08,982.55,No,0,25-48,4
C00140,Female,1,Yes,No,8,Yes,No,DSL,No,No,No,Yes,Yes,No,Two year,No,Electronic check,34.29,272.49,Yes,1,7-12,2
C00141,Male,0,Yes,Yes,32,Yes,Yes,Fiber optic,No,Yes,No,No,No,No,Month-to-month,No,Bank transfer,56.0,1856.85,Yes,1,25-48,4
C00142,Male,0,Yes,No,38,Yes,No,Fiber optic,No,No,No,No,No,No,Month-to-month,Yes,Electronic check,53.35,1922.61,No,0,25-48,4
C00143,Male,1,No,No,7,Yes,Yes,DSL,No,Yes,No,Yes,No,No,Month-to-month,Yes,Electronic check,36.49,261.97,No,0,7-12,2
C00144,Female,0,No,Yes,64,Yes,No,Fiber optic,Yes,Yes,No,No,No,Yes,Two year,No,Electronic check,62.76,4157.89,No,0,49-72,5
C00145,Female,0,No,Yes,26,Yes,No,DSL,No,No,No,No,No,No,Two year,Yes,Electronic check,35.93,925.22,Yes,1,25-48,4
C00146,Female,0,No,No,20,Yes,No,Fiber optic,Yes,No,No,No,No,Yes,Month-to-month,Yes,Mailed check,62.89,1222.89,No,0,13-24,3
C00147,Male,0,Yes,No,11,Yes,No,DSL,Yes,Yes,Yes,No,No,No,Month-to-month,No,Bank transfer,38.26,405.72,Yes,1,7-12,2
C00148,Male,0,No,No,34,Yes,Yes,Fiber optic,Yes,No,Yes,No,No,No,One year,Yes,Bank transfer,64.08,2248.92,No,0,25-48,4
C00149,Female,0,Yes,No,27,Yes,No,Fiber optic,Yes,No,Yes,No,No,No,Month-to-month,No,Electronic check,66.94,1778.37,Yes,1,25-48,4
C00150,Male,0,No,Yes,27,Yes,Yes,Fiber optic,No,No,No,No,Yes,No,Month-to-month,No,Mailed check,58.21,1681.29,Yes,1,25-48,4
C00151,Female,0,Yes,Yes,44,Yes,No,Fiber optic,No,No,Yes,No,No,No,Month-to-month,Yes,Mailed check,57.19,2413.37,No,0,25-48,4
C00152,Female,0,Yes,No,37,Yes,No,Fiber optic,No,Yes,No,No,No,No,One year,No,Electronic check,59.98,2312.5,Yes,1,25-48,4
C00153,Female,0,Yes,No,31,Yes,Yes,Fiber optic,No,No,Yes,No,Yes,Yes,Month-to-month,No,Bank transfer,61.59,1935.55,Yes,1,25-48,4
C00154,Female,0,No,No,58,Yes,No,Fiber optic,No,No,No,No,Yes,No,One year,No,Bank transfer,60.7,3428.29,No,0,49-72,5
C00155,Male,1,Yes,Yes,24,Yes,No,DSL,Yes,No,No,No,Yes,No,One year,No,Bank transfer,36.85,954.96,Yes,1,13-24,3
C00156,Male,0,No,Yes,68,Yes,Yes,Fiber optic,Yes,Yes,No,Yes,No,Yes,Two year,Yes,Electronic check,60.24,4286.87,No,0,49-72,5
C00157,Female,0,Yes,No,8,Yes,No,Fiber optic,No,Yes,Yes,No,No,No,Month-to-month,Yes,Mailed check,64.27,507.87,Yes,1,7-12,2
C00158,Male,0,Yes,Yes,31,Yes,No,DSL,Yes,No,Yes,Yes,No,Yes,Two year,No,Credit card,44.13,1279.43,No,0,25-48,4
C00159,Male,0,No,No,58,Yes,No,DSL,Yes,Yes,Yes,No,Yes,No,Month-to-month,Yes,Bank transfer,40.99,2442.95,No,0,49-72,5
C00160,Male,0,No,No,14,Yes,No,No internet service,No internet service,No internet service,No internet service,No internet service,No internet service,No internet service,Two year,Yes,Electronic check,30.2,439.63,No,0,13-24,3
C00161,Male,0,No,Yes,30,Yes,No,DSL,Yes,Yes,No,Yes,No,Yes,One year,No,Credit card,43.67,1237.47,Yes,1,25-48,4
C00162,Female,1,Yes,No,28,Yes,No,Fiber optic,No,No,No,No,Yes,No,Month-to-month,Yes,Bank transfer,59.82,1550.3,No,0,25-48,4
C00163,Male,1,No,Yes,23,No,No phone service,Fiber optic,No,No,No,Yes,No,No,Month-to-month,Yes,Credit card,48.53,1123.14,Yes,1,13-24,3
C00164,Female,0,Yes,No,63,Yes,No,Fiber optic,No,No,No,No,Yes,Yes,One year,Yes,Credit card,61.19,3857.55,No,0,49-72,5
C00165,Female,0,No,No,3,Yes,No,Fiber optic,Yes,No,Yes,No,No,Yes,One year,Yes,Credit card,61.07,172.04,Yes,1,0-6,1
C00166,Male,0,No,No,54,Yes,Yes,Fiber optic,Yes,No,Yes,Yes,Yes,No,Month-to-month,No,Mailed check,65.81,3347.46,No,0,49-72,5
C00167,Female,0,Yes,No,28,Yes,Yes,Fiber optic,No,No,No,No,No,No,Month-to-month,No,Bank transfer,48.75,1297.8,No,0,25-48,4
C00168,Female,0,Yes,Yes,7,Yes,Yes,Fiber optic,Yes,No,Yes,No,No,No,Month-to-month,Yes,Credit card,56.7,417.76,Yes,1,7-12,2
C00169,Male,1,No,No,10,Yes,No phone service,No internet service,No internet service,No internet service,No internet service,No internet service,No internet service,No internet service,One year,No,Bank transfer,25.42,250.89,No,0,7-12,2
C00170,Female,0,Yes,No,31,Yes,No,DSL,No,No,No,No,No,No,Month-to-month,Yes,Mailed check,40.09,1205.95,Yes,1,25-48,4
C00171,Female,1,Yes,No,27,Yes,Yes,DSL,Yes,No,No,No,No,No,Month-to-month,Yes,Mailed check,36.42,1006.36,No,0,25-48,4
C00172,Male,0,No,No,54,Yes,No,DSL,Yes,No,No,No,No,Yes,One year,Yes,Electronic check,41.75,2151.76,Yes,1,49-72,5
C00173,Female,0,No,No,70,Yes,No,Fiber optic,No,Yes,No,No,Yes,No,Two year,Yes,Bank transfer,54.39,3760.23,Yes,1,49-72,5
C00174,Male,0,No,No,16,Yes,No,Fiber optic,No,Yes,No,No,Yes,Yes,Two year,No,Electronic check,56.6,884.93,No,0,13-24,3
C00175,Female,0,Yes,No,24,Yes,Yes,Fiber optic,No,No,No,No,No,Yes,One year,Yes,Credit card,47.74,1073.79,No,0,13-24,3
C00176,Male,1,Yes,No,64,Yes,No,DSL,No,No,No,No,Yes,No,Two year,Yes,Bank transfer,44.45,2856.66,Yes,1,49-72,5
C00177,Male,0,Yes,No,45,Yes,Yes,DSL,No,Yes,Yes,No,No,No,Month-to-month,Yes,Credit card,40.8,1925.95,No,0,25-48,4
C00178,Male,0,No,No,29,Yes,Yes,Fiber optic,Yes,No,Yes,No,No,No,Two year,No,Mailed check,57.04,1555.72,No,0,25-48,4
C00179,Female,1,Yes,Yes,63,Yes,Yes,Fiber optic,No,Yes,No,Yes,No,Yes,Month-to-month,No,Mailed check,69.42,4309.55,Yes,1,49-72,5
C00180,Male,0,Yes,No,4,Yes,Yes,Fiber optic,No,Yes,No,No,Yes,No,Two year,Yes,Mailed check,53.2,211.13,Yes,1,0-6,1
C00181,Female,0,Yes,No,15,Yes,No,DSL,No,Yes,Yes,No,Yes,Yes,Month-to-month,Yes,Credit card,41.87,615.85,Yes,1,13-24,3
C00182,Male,0,Yes,No,30,Yes,No,No internet service,No internet service,No internet service,No internet service,No internet service,No internet service,No internet service,One year,No,Electronic check,23.76,741.94,No,0,25-48,4
C00183,Female,0,No,No,43,Yes,Yes,Fiber optic,No,Yes,Yes,No,Yes,No,Two year,No,Mailed check,68.68,3163.76,No,0,25-48,4
C00184,Female,0,Yes,Yes,28,Yes,No,Fiber optic,No,No,Yes,No,No,No,One year,No,Bank transfer,69.1,1954.2,No,0,25-48,4
C00185,Male,0,Yes,No,3,Yes,Yes,DSL,No,Yes,Yes,Yes,No,No,Month-to-month,Yes,Bank transfer,38.3,120.17,No,0,0-6,1
C00186,Male,0,No,No,48,Yes,Yes,Fiber optic,Yes,No,No,No,Yes,No,Two year,Yes,Bank transfer,58.8,2946.54,No,0,25-48,4
C00187,Male,0,No,No,6,Yes,No,Fiber optic,Yes,No,No,No,No,No,One year,Yes,Electronic check,55.21,336.26,Yes,1,0-6,1
C00188,Female,1,No,No,42,Yes,No phone service,No internet service,No internet service,No internet service,No internet service,No internet service,No internet service,No internet service,Month-to-month,Yes,Mailed check,24.74,1119.24,Yes,1,25-48,4
C00189,Female,0,No,No,21,Yes,No,DSL,Yes,No,No,Yes,Yes,No,Month-to-month,Yes,Electronic check,42.02,930.1,Yes,1,13-24,3
C00190,Male,0,Yes,No,24,Yes,No,Fiber optic,Yes,No,Yes,No,No,Yes,Month-to-month,Yes,Bank transfer,53.57,1324.79,No,0,13-24,3
C00191,Male,0,Yes,No,6,Yes,Yes,DSL,Yes,Yes,No,Yes,No,Yes,One year,Yes,Credit card,42.84,257.96,Yes,1,0-6,1
C00192,Male,0,Yes,No,4,Yes,No,Fiber optic,No,Yes,No,No,No,Yes,Month-to-month,Yes,Mailed check,65.38,257.54,No,0,0-6,1
C00193,Male,1,No,No,43,Yes,No,DSL,No,Yes,Yes,No,No,No,Month-to-month,Yes,Electronic check,36.93,1569.96,Yes,1,25-48,4
C00194,Female,0,Yes,Yes,11,Yes,No,DSL,Yes,No,No,No,Yes,No,Month-to-month,No,Credit card,39.63,450.28,No,0,7-12,2
C00195,Female,1,No,No,41,Yes,No phone service,No internet service,No internet service,No internet service,No internet service,No internet service,No internet service,No internet service,One year,Yes,Credit card,27.76,1199.11,No,0,25-48,4
C00196,Male,0,No,No,20,Yes,No,DSL,No,No,Yes,Yes,Yes,No,Month-to-month,No,Electronic check,36.11,671.72,Yes,1,13-24,3
C00197,Male,0,No,No,36,Yes,No,No internet service,No internet service,No internet service,No internet service,No internet service,No internet service,No internet service,Month-to-month,No,Electronic check,32.64,1244.1,No,0,25-48,4
C00198,Female,0,No,No,37,Yes,Yes,Fiber optic,Yes,Yes,No,No,No,Yes,Two year,Yes,Electronic check,60.88,2359.17,No,0,25-48,4
C00199,Male,0,Yes,Yes,70,Yes,No,Fiber optic,Yes,No,No,No,Yes,No,Month-to-month,No,Electronic check,46.66,3243.42,Yes,1,49-72,5
C00200,Female,0,Yes,Yes,62,Yes,No,No internet service,No internet service,No internet service,No internet service,No internet service,No internet service,No internet service,Month-to-month,No,Mailed check,27.68,1701.35,No,0,49-72,5
C00201,Male,1,Yes,Yes,38,Yes,No phone service,No internet service,No internet service,No internet service,No internet service,No internet service,No internet service,No internet service,Month-to-month,Yes,Credit card,35.31,1281.39,No,0,25-48,4
C00202,Female,0,Yes,No,59,Yes,No phone service,No internet service,No internet service,No internet service,No internet service,No internet service,No internet service,No internet service,Month-to-month,No,Mailed check,24.98,1370.85,No,0,49-72,5
C00203,Male,0,Yes,No,43,Yes,No,DSL,No,No,No,No,Yes,No,Month-to-month,Yes,Bank transfer,40.57,1828.41,No,0,25-48,4
C00204,Male,0,Yes,No,66,Yes,No,DSL,No,No,No,Yes,No,Yes,Two year,Yes,Electronic check,49.15,3211.64,No,0,49-72,5
C00205,Male,0,Yes,Yes,23,Yes,No,DSL,Yes,No,Yes,Yes,Yes,Yes,Two year,Yes,Credit card,45.01,1060.6,No,0,13-24,3
C00206,Female,0,Yes,No,43,No,No phone service,Fiber optic,Yes,Yes,No,Yes,No,No,Two year,No,Electronic check,51.65,2110.05,No,0,25-48,4
C00207,Male,0,Yes,No,26,Yes,No phone service,No internet service,No internet service,No internet service,No internet service,No internet service,No internet service,No internet service,Two year,Yes,Electronic check,18.0,466.97,No,0,25-48,4
C00208,Female,1,Yes,Yes,8,Yes,No,DSL,Yes,Yes,No,No,Yes,Yes,Month-to-month,Yes,Bank transfer,37.28,276.81,Yes,1,7-12,2
C00209,Female,0,Yes,No,17,Yes,No,No internet service,No internet service,No internet service,No internet service,No internet service,No internet service,No internet service,Month-to-month,No,Mailed check,28.55,496.86,Yes,1,13-24,3
C00210,Male,0,No,No,72,No,No phone service,Fiber optic,Yes,No,No,No,No,Yes,Month-to-month,No,Mailed check,61.93,4574.91,No,0,49-72,5
C00211,Female,0,No,No,38,Yes,No,DSL,No,No,Yes,No,No,No,One year,No,Credit card,38.2,1506.55,No,0,25-48,4
C00212,Female,0,Yes,No,30,Yes,No,Fiber optic,Yes,No,No,No,No,Yes,Month-to-month,No,Electronic check,60.93,1900.22,Yes,1,25-48,4
C00213,Female,1,Yes,No,7,Yes,Yes,Fiber optic,No,No,Yes,Yes,No,No,Month-to-month,Yes,Mailed check,69.53,470.46,No,0,7-12,2
C00214,Female,0,Yes,No,47,Yes,Yes,DSL,No,Yes,Yes,No,No,Yes,Month-to-month,Yes,Electronic check,42.39,1985.45,Yes,1,25-48,4
C00215,Male,0,Yes,No,27,Yes,No,Fiber optic,No,No,No,No,No,Yes,Month-to-month,Yes,Electronic check,55.64,1398.91,No,0,25-48,4
C00216,Female,0,Yes,No,45,Yes,No,Fiber optic,No,No,Yes,Yes,No,No,Month-to-month,Yes,Electronic check,58.17,2509.07,Yes,1,25-48,4
C00217,Male,0,Yes,No,39,Yes,Yes,Fiber optic,No,Yes,No,Yes,No,Yes,One year,Yes,Mailed check,60.78,2299.82,Yes,1,25-48,4
C00218,Male,0,Yes,Yes,50,Yes,No,DSL,Yes,Yes,No,No,No,No,One year,No,Mailed check,29.59,1541.79,No,0,49-72,5
C00219,Male,0,Yes,No,24,Yes,No,No internet service,No internet service,No internet service,No internet service,No internet service,No internet service,No internet service,One year,Yes,Credit card,31.39,702.87,No,0,13-24,3
C00220,Female,0,No,Yes,40,No,No phone service,No internet service,No internet service,No internet service,No internet service,No internet service,No internet service,No internet service,Two year,Yes,Mailed check,22.91,965.76,Yes,1,25-48,4
C00221,Female,0,Yes,No,71,Yes,No phone service,No internet service,No internet service,No internet service,No internet service,No internet service,No internet service,No internet service,Two year,Yes,Mailed check,30.2,2110.46,No,0,49-72,5
C00222,Male,0,No,No,5,Yes,Yes,DSL,Yes,No,No,No,Yes,Yes,One year,Yes,Bank transfer,40.76,193.03,Yes,1,0-6,1
C00223,Female,0,No,No,21,Yes,No phone service,No internet service,No internet service,No internet service,No internet service,No internet service,No internet service,No internet service,Month-to-month,No,Bank transfer,22.86,456.4,No,0,13-24,3
C00224,Female,0,Yes,Yes,20,Yes,Yes,Fiber optic,Yes,No,No,No,Yes,No,One year,Yes,Credit card,56.92,1195.68,No,0,13-24,3
C00225,Male,0,No,Yes,31,Yes,No,Fiber optic,No,No,Yes,No,No,Yes,Month-to-month,No,Electronic check,53.06,1579.86,No,0,25-48,4
C00226,Female,0,No,No,7,Yes,No phone service,No internet service,No internet service,No internet service,No internet service,No internet service,No internet service,No internet service,Two year,Yes,Electronic check,26.15,185.13,Yes,1,7-12,2
C00227,Male,0,Yes,No,24,Yes,Yes,Fiber optic,Yes,Yes,Yes,Yes,Yes,No,Month-to-month,No,Electronic check,57.48,1356.4,Yes,1,13-24,3
C00228,Male,0,Yes,No,12,Yes,No,Fiber optic,Yes,No,Yes,No,Yes,Yes,Month-to-month,No,Mailed check,54.07,686.4,Yes,1,7-12,2
C00229,Female,0,Yes,No,38,Yes,No,DSL,No,No,No,No,No,Yes,Month-to-month,Yes,Electronic check,39.19,1428.67,No,0,25-48,4
C00230,Female,1,Yes,Yes,62,Yes,No phone service,No internet service,No internet service,No internet service,No internet service,No internet service,No internet service,No internet service,One year,No,Electronic check,24.44,1506.51,No,0,49-72,5
C00231,Male,0,No,Yes,20,Yes,No,Fiber optic,No,No,Yes,No,No,Yes,Two year,Yes,Electronic check,59.74,1147.91,No,0,13-24,3
C00232,Female,0,No,Yes,35,No,No phone service,Fiber optic,No,Yes,Yes,No,No,No,Two year,Yes,Bank transfer,55.89,1999.73,Yes,1,25-48,4
C00233,Male,0,No,No,58,Yes,No,Fiber optic,Yes,No,No,Yes,No,Yes,Two year,Yes,Mailed check,68.95,3711.51,No,0,49-72,5
C00234,Male,0,No,No,31,Yes,No,No internet service,No internet service,No internet service,No internet service,No internet service,No internet service,No internet service,Two year,Yes,Electronic check,27.42,909.66,No,0,25-48,4
C00235,Male,0,Yes,No,24,Yes,No,Fiber optic,No,Yes,No,No,Yes,Yes,Month-to-month,Yes,Credit card,63.52,1585.3,Yes,1,13-24,3
C00236,Female,0,No,No,29,Yes,No,No internet service,No internet service,No internet service,No internet service,No internet service,No internet service,No internet service,Month-to-month,Yes,Electronic check,31.85,908.15,No,0,25-48,4
C00237,Female,0,Yes,No,40,No,No,No internet service,No internet service,No internet service,No internet service,No internet service,No internet service,No internet service,Two year,Yes,Credit card,18.0,684.12,No,0,25-48,4
C00238,Female,0,No,No,30,No,No phone service,DSL,No,No,Yes,No,No,Yes,Month-to-month,Yes,Electronic check,24.5,751.26,No,0,25-48,4
C00239,Male,1,No,No,32,No,No phone service,Fiber optic,Yes,Yes,No,Yes,No,No,Month-to-month,Yes,Mailed check,54.41,1821.29,No,0,25-48,4
C00240,Female,0,Yes,No,38,Yes,No,DSL,Yes,Yes,No,No,Yes,No,Month-to-month,Yes,Electronic check,29.92,1156.31,No,0,25-48,4
C00241,Female,1,No,No,7,Yes,Yes,Fiber optic,Yes,No,Yes,Yes,No,Yes,Month-to-month,No,Credit card,58.31,407.88,Yes,1,7-12,2
C00242,Female,0,No,No,33,Yes,No,Fiber optic,Yes,No,No,No,No,No,Month-to-month,No,Bank transfer,65.37,2002.19,No,0,25-48,4
C00243,Female,0,Yes,No,31,Yes,No,DSL,Yes,No,Yes,No,Yes,Yes,One year,No,Electronic check,40.05,1297.03,Yes,1,25-48,4
C00244,Female,1,No,Yes,10,Yes,Yes,DSL,Yes,No,Yes,No,Yes,Yes,Month-to-month,Yes,Bank transfer,38.71,402.21,Yes,1,7-12,2
C00245,Female,0,Yes,No,33,Yes,Yes,DSL,Yes,Yes,No,Yes,No,Yes,Month-to-month,Yes,Bank transfer,37.18,1288.14,No,0,25-48,4
C00246,Female,1,Yes,No,11,Yes,No,Fiber optic,Yes,Yes,No,Yes,No,No,Month-to-month,Yes,Credit card,58.08,621.72,Yes,1,7-12,2
C00247,Male,1,Yes,No,8,Yes,No,DSL,No,No,No,Yes,Yes,No,Month-to-month,Yes,Credit card,47.61,354.92,No,0,7-12,2
C00248,Female,0,Yes,No,29,Yes,Yes,Fiber optic,Yes,No,No,No,Yes,No,One year,Yes,Mailed check,60.55,1794.85,No,0,25-48,4
C00249,Female,0,No,No,51,Yes,No,Fiber optic,No,Yes,No,No,No,No,Month-to-month,No,Mailed check,60.05,3207.87,Yes,1,49-72,5
C00250,Female,0,No,No,39,Yes,No,Fiber optic,No,Yes,No,Yes,No,No,One year,Yes,Credit card,64.36,2653.18,No,0,25-48,4
C00251,Female,0,Yes,No,50,Yes,Yes,DSL,No,Yes,No,No,Yes,No,Month-to-month,Yes,Mailed check,34.91,1688.25,Yes,1,49-72,5
C00252,Male,0,Yes,No,72,Yes,No,DSL,No,No,No,No,No,No,Month-to-month,Yes,Mailed check,32.85,2227.1,No,0,49-72,5
C00253,Male,0,No,No,11,Yes,No,DSL,No,No,Yes,No,Yes,Yes,Month-to-month,Yes,Bank transfer,37.28,382.96,Yes,1,7-12,2
C00254,Male,0,No,No,19,Yes,Yes,DSL,No,Yes,No,No,No,No,Month-to-month,No,Bank transfer,31.52,598.8,No,0,13-24,3
C00255,Male,0,Yes,No,32,Yes,No,Fiber optic,No,No,No,Yes,No,No,One year,Yes,Credit card,68.31,2036.18,No,0,25-48,4
C00256,Male,0,No,No,44,Yes,No,No internet service,No internet service,No internet service,No internet service,No internet service,No internet service,No internet service,One year,Yes,Credit card,31.55,1377.22,Yes,1,25-48,4
C00257,Male,1,No,No,27,Yes,No phone service,No internet service,No internet service,No internet service,No internet service,No internet service,No internet service,No internet service,Two year,No,Electronic check,24.5,686.21,No,0,25-48,4
C00258,Male,1,No,No,17,Yes,No,Fiber optic,Yes,No,No,Yes,Yes,No,Two year,Yes,Credit card,60.8,1004.86,No,0,13-24,3
C00259,Male,0,Yes,No,27,Yes,No,No internet service,No internet service,No internet service,No internet service,No internet service,No internet service,No internet service,Month-to-month,No,Electronic check,30.8,897.97,Yes,1,25-48,4
C00260,Male,0,No,No,31,No,No phone service,Fiber optic,No,No,Yes,Yes,No,Yes,One year,No,Mailed check,56.32,1882.88,No,0,25-48,4
C00261,Female,0,Yes,Yes,46,Yes,No phone service,No internet service,No internet service,No internet service,No internet service,No internet service,No internet service,No internet service,One year,Yes,Electronic check,29.22,1415.7,Yes,1,25-48,4
C00262,Female,0,Yes,No,13,Yes,No,Fiber optic,No,No,No,No,No,Yes,One year,Yes,Electronic check,64.74,810.53,No,0,13-24,3
C00263,Male,0,No,No,29,Yes,Yes,Fiber optic,No,No,No,Yes,No,No,Two year,Yes,Bank transfer,59.71,1800.62,No,0,25-48,4
C00264,Male,1,Yes,No,50,No,No phone service,DSL,Yes,No,Yes,No,No,Yes,Month-to-month,No,Electronic check,23.45,1121.45,Yes,1,49-72,5
C00265,Male,1,Yes,No,43,Yes,No,DSL,No,No,No,No,Yes,No,Month-to-month,Yes,Electronic check,39.16,1623.27,Yes,1,25-48,4
C00266,Male,0,Yes,No,24,Yes,Yes,Fiber optic,No,No,Yes,Yes,No,No,Month-to-month,Yes,Mailed check,62.97,1537.05,Yes,1,13-24,3
C00267,Male,1,Yes,Yes,54,Yes,Yes,DSL,No,No,No,Yes,Yes,No,One year,No,Electronic check,38.79,1986.95,No,0,49-72,5
C00268,Female,1,No,No,49,Yes,Yes,Fiber optic,Yes,No,No,No,No,Yes,Month-to-month,No,Electronic check,57.92,2883.23,Yes,1,49-72,5
C00269,Female,0,No,No,72,Yes,No,No internet service,No internet service,No internet service,No internet service,No internet service,No internet service,No internet service,Two year,No,Mailed check,18.0,1201.85,No,0,49-72,5
C00270,Female,1,Yes,No,3,Yes,No,DSL,Yes,Yes,No,No,No,Yes,Month-to-month,No,Mailed check,32.68,102.38,No,0,0-6,1
C00271,Female,1,Yes,No,14,Yes,No,Fiber optic,Yes,No,Yes,Yes,No,No,One year,No,Electronic check,50.22,651.62,No,0,13-24,3
C00272,Male,0,Yes,No,19,Yes,No,DSL,Yes,No,No,No,No,Yes,Month-to-month,No,Mailed check,35.23,637.38,Yes,1,13-24,3
C00273,Female,0,Yes,Yes,10,Yes,No,Fiber optic,No,Yes,No,No,No,Yes,Month-to-month,No,Electronic check,61.74,663.85,No,0,7-12,2
C00274,Female,0,No,Yes,40,Yes,No,Fiber optic,No,No,Yes,Yes,Yes,No,Two year,No,Credit card,66.95,2727.16,No,0,25-48,4
C00275,Male,1,No,No,7,Yes,No,DSL,Yes,No,No,Yes,No,No,Month-to-month,Yes,Electronic check,43.13,318.77,Yes,1,7-12,2
C00276,Male,0,Yes,Yes,17,Yes,Yes,DSL,No,No,No,Yes,Yes,No,One year,Yes,Credit card,42.33,682.17,No,0,13-24,3
C00277,Female,0,Yes,No,63,Yes,Yes,DSL,Yes,Yes,No,Yes,No,No,Month-to-month,Yes,Credit card,46.02,2842.76,Yes,1,49-72,5
C00278,Female,0,Yes,No,9,Yes,No,No internet service,No internet service,No internet service,No internet service,No internet service,No internet service,No internet service,Month-to-month,No,Mailed check,19.86,192.68,Yes,1,7-12,2
C00279,Male,0,Yes,No,13,Yes,No,Fiber optic,No,Yes,No,No,Yes,No,Month-to-month,No,Credit card,71.0,960.48,Yes,1,13-24,3
C00280,Female,0,No,No,32,Yes,No,Fiber optic,No,No,No,No,No,Yes,Month-to-month,Yes,Electronic check,65.54,2249.28,Yes,1,25-48,4
C00281,Male,0,Yes,No,16,Yes,No,No internet service,No internet service,No internet service,No internet service,No internet service,No internet service,No internet service,Two year,Yes,Mailed check,24.82,409.04,No,0,13-24,3
C00282,Male,1,No,No,20,Yes,No phone service,No internet service,No internet service,No internet service,No internet service,No internet service,No internet service,No internet service,Month-to-month,Yes,Credit card,24.82,478.9,Yes,1,13-24,3
C00283,Male,0,No,No,46,Yes,Yes,Fiber optic,No,Yes,Yes,Yes,No,Yes,Month-to-month,Yes,Electronic check,62.09,2741.11,Yes,1,25-48,4
C00284,Female,0,No,No,28,Yes,No,Fiber optic,Yes,Yes,No,Yes,No,Yes,Month-to-month,Yes,Electronic check,57.07,1475.7,Yes,1,25-48,4
C00285,Female,0,Yes,Yes,8,No,No phone service,Fiber optic,No,No,No,No,Yes,No,Month-to-month,No,Bank transfer,55.73,411.76,Yes,1,7-12,2
C00286,Male,0,No,Yes,34,Yes,No,Fiber optic,Yes,No,Yes,No,No,Yes,Two year,No,Electronic check,58.35,2136.58,No,0,25-48,4
C00287,Male,0,Yes,Yes,33,Yes,No,No internet service,No internet service,No internet service,No internet service,No internet service,No internet service,No internet service,Month-to-month,Yes,Electronic check,31.61,962.39,No,0,25-48,4
C00288,Female,0,No,No,9,Yes,No,No internet service,No internet service,No internet service,No internet service,No internet service,No internet service,No internet service,Month-to-month,No,Electronic check,29.29,248.04,Yes,1,7-12,2
C00289,Female,1,No,No,41,Yes,No,DSL,No,No,No,No,No,Yes,Month-to-month,Yes,Credit card,38.07,1678.53,Yes,1,25-48,4
C00290,Female,0,No,No,7,Yes,No,No internet service,No internet service,No internet service,No internet service,No internet service,No internet service,No internet service,Month-to-month,No,Mailed check,18.0,123.78,No,0,7-12,2
C00291,Female,0,Yes,No,43,Yes,Yes,DSL,Yes,No,Yes,No,No,Yes,One year,No,Electronic check,38.57,1578.95,Yes,1,25-48,4
C00292,Male,0,No,No,34,Yes,Yes,Fiber optic,Yes,Yes,No,No,No,No,Month-to-month,Yes,Mailed check,64.3,2262.02,Yes,1,25-48,4
C00293,Female,0,No,No,43,No,No phone service,DSL,No,No,Yes,No,No,No,Month-to-month,No,Credit card,30.51,1278.9,Yes,1,25-48,4
C00294,Female,1,No,No,72,Yes,No,DSL,No,No,No,No,No,No,Month-to-month,Yes,Electronic check,38.27,2890.76,Yes,1,49-72,5
C00295,Female,0,No,No,72,Yes,No,Fiber optic,No,Yes,Yes,Yes,Yes,Yes,Two year,Yes,Electronic check,62.9,4552.89,No,0,49-72,5
C00296,Female,1,Yes,No,40,Yes,No,Fiber optic,Yes,Yes,Yes,No,No,Yes,Month-to-month,Yes,Mailed check,59.29,2222.95,Yes,1,25-48,4
C00297,Male,1,Yes,No,17,Yes,No,No internet service,No internet service,No internet service,No internet service,No internet service,No internet service,No internet service,One year,Yes,Mailed check,25.83,431.04,No,0,13-24,3
C00298,Female,1,No,No,36,Yes,Yes,Fiber optic,No,Yes,No,Yes,Yes,No,Month-to-month,Yes,Bank transfer,61.79,2399.12,Yes,1,25-48,4
C00299,Male,0,Yes,No,16,Yes,No,Fiber optic,No,Yes,No,No,Yes,Yes,Two year,Yes,Bank transfer,61.98,1046.31,No,0,13-24,3
C00300,Male,0,No,Yes,47,No,No phone service,Fiber optic,No,No,No,No,Yes,No,Month-to-month,No,Electronic check,48.98,2152.64,Yes,1,25-48,4
C00301,Male,1,Yes,Yes,15,Yes,No,No internet service,No internet service,No internet service,No internet service,No internet service,No internet service,No internet service,Month-to-month,No,Electronic check,24.6,386.67,No,0,13-24,3
C00302,Male,1,Yes,No,32,Yes,No,DSL,No,No,No,No,No,Yes,Month-to-month,No,Mailed check,40.48,1284.63,Yes,1,25-48,4
C00303,Female,0,Yes,Yes,29,Yes,No,Fiber optic,Yes,No,No,No,No,Yes,Month-to-month,Yes,Mailed check,62.08,1779.0,Yes,1,25-48,4
C00304,Female,0,No,No,29,Yes,No,Fiber optic,No,Yes,No,Yes,No,Yes,Month-to-month,Yes,Electronic check,61.97,1754.55,Yes,1,25-48,4
C00305,Male,0,No,No,30,Yes,No,No internet service,No internet service,No internet service,No internet service,No internet service,No internet service,No internet service,One year,No,Bank transfer,24.11,777.41,Yes,1,25-48,4
C00306,Male,0,No,Yes,49,Yes,Yes,Fiber optic,No,No,No,Yes,No,Yes,Month-to-month,Yes,Mailed check,67.3,3172.89,Yes,1,49-72,5
C00307,Female,0,No,Yes,15,Yes,No,DSL,Yes,Yes,No,No,Yes,No,Month-to-month,No,Electronic check,33.29,524.59,No,0,13-24,3
C00308,Male,0,Yes,No,45,Yes,No,Fiber optic,No,No,Yes,No,No,No,Two year,Yes,Electronic check,55.62,2660.97,Yes,1,25-48,4
C00309,Female,0,No,No,44,Yes,Yes,Fiber optic,No,No,No,No,No,No,Two year,Yes,Mailed check,58.39,2406.44,No,0,25-48,4
C00310,Male,0,No,No,62,Yes,No,DSL,Yes,Yes,Yes,Yes,No,No,One year,No,Credit card,29.45,1956.63,No,0,49-72,5
C00311,Female,0,No,No,22,No,No phone service,DSL,No,Yes,No,No,Yes,No,One year,Yes,Credit card,31.68,669.45,Yes,1,13-24,3
C00312,Female,1,Yes,Yes,21,Yes,No phone service,No internet service,No internet service,No internet service,No internet service,No internet service,No internet service,No internet service,Two year,Yes,Credit card,27.17,533.51,No,0,13-24,3
C00313,Male,0,Yes,No,25,Yes,No,DSL,No,No,Yes,Yes,No,No,One year,No,Bank transfer,48.05,1208.39,Yes,1,25-48,4
C00314,Male,0,No,No,28,Yes,Yes,DSL,No,Yes,No,No,No,Yes,Month-to-month,No,Credit card,28.72,773.52,Yes,1,25-48,4
C00315,Male,0,No,No,18,Yes,Yes,Fiber optic,No,No,No,Yes,Yes,No,Month-to-month,No,Mailed check,61.45,1121.59,Yes,1,13-24,3
C00316,Male,0,No,No,37,Yes,Yes,DSL,No,No,No,No,Yes,Yes,Month-to-month,Yes,Electronic check,35.83,1367.78,Yes,1,25-48,4
C00317,Female,1,Yes,No,13,Yes,Yes,DSL,Yes,No,No,No,Yes,No,Month-to-month,Yes,Electronic check,38.06,495.39,No,0,13-24,3
C00318,Female,0,No,Yes,15,Yes,Yes,DSL,No,Yes,No,Yes,No,No,Month-to-month,Yes,Mailed check,34.03,540.59,Yes,1,13-24,3
C00319,Male,0,No,Yes,72,No,No phone service,DSL,Yes,No,No,No,Yes,No,One year,Yes,Bank transfer,32.43,2218.44,No,0,49-72,5
C00320,Female,0,No,No,11,Yes,Yes,Fiber optic,No,Yes,No,No,No,Yes,Month-to-month,No,Credit card,60.55,634.06,No,0,7-12,2
C00321,Female,0,No,No,8,Yes,Yes,Fiber optic,No,No,Yes,Yes,Yes,No,Month-to-month,Yes,Bank transfer,63.46,470.28,Yes,1,7-12,2
C00322,Female,1,Yes,No,59,Yes,No,Fiber optic,Yes,Yes,No,Yes,Yes,No,One year,Yes,Credit card,60.58,3558.0,No,0,49-72,5
C00323,Male,0,No,Yes,35,Yes,No,Fiber optic,No,Yes,Yes,Yes,Yes,Yes,One year,Yes,Credit card,66.42,2472.78,Yes,1,25-48,4
C00324,Female,0,No,No,24,Yes,Yes,Fiber optic,No,No,Yes,No,No,Yes,Month-to-month,No,Electronic check,64.95,1477.63,Yes,1,13-24,3
C00325,Male,0,No,No,37,Yes,Yes,DSL,Yes,Yes,Yes,Yes,No,No,One year,Yes,Credit card,41.16,1420.65,No,0,25-48,4
C00326,Male,0,No,Yes,72,Yes,No,Fiber optic,No,No,No,Yes,No,No,Month-to-month,No,Bank transfer,51.08,3725.09,No,0,49-72,5
C00327,Male,1,Yes,No,38,Yes,No,DSL,Yes,No,No,Yes,No,Yes,Month-to-month,Yes,Credit card,41.49,1543.72,Yes,1,25-48,4
C00328,Female,0,No,No,58,Yes,Yes,Fiber optic,No,No,No,No,No,No,One year,No,Mailed check,58.87,3536.7,No,0,49-72,5
C00329,Male,0,No,No,18,No,No phone service,No internet service,No internet service,No internet service,No internet service,No internet service,No internet service,No internet service,Month-to-month,No,Credit card,18.0,342.33,No,0,13-24,3
C00330,Female,0,Yes,No,19,Yes,Yes,Fiber optic,Yes,Yes,Yes,Yes,No,Yes,Month-to-month,Yes,Credit card,61.07,1251.13,No,0,13-24,3
C00331,Female,1,Yes,No,66,Yes,No,No internet service,No internet service,No internet service,No internet service,No internet service,No internet service,No internet service,One year,Yes,Mailed check,28.48,1935.38,No,0,49-72,5
C00332,Female,0,Yes,No,22,Yes,Yes,DSL,No,No,Yes,Yes,Yes,No,Two year,Yes,Electronic check,44.29,944.05,No,0,13-24,3
C00333,Male,1,Yes,No,2,Yes,No,Fiber optic,Yes,No,No,No,No,Yes,One year,Yes,Electronic check,61.85,127.54,Yes,1,0-6,1
C00334,Female,1,No,Yes,27,Yes,Yes,DSL,No,No,No,No,No,Yes,One year,Yes,Bank transfer,38.42,1118.2,No,0,25-48,4
C00335,Male,1,No,No,70,Yes,Yes,DSL,No,No,No,No,No,Yes,Month-to-month,No,Mailed check,27.73,1789.21,No,0,49-72,5
C00336,Male,0,Yes,No,16,No,No phone service,Fiber optic,No,No,Yes,No,Yes,Yes,Month-to-month,Yes,Mailed check,56.75,922.01,No,0,13-24,3
C00337,Male,0,Yes,No,10,Yes,No,Fiber optic,No,Yes,No,Yes,No,Yes,Two year,No,Bank transfer,61.75,597.48,No,0,7-12,2
C00338,Female,0,Yes,No,12,No,No,No internet service,No internet service,No internet service,No internet service,No internet service,No internet service,No internet service,Two year,Yes,Bank transfer,20.4,244.3,Yes,1,7-12,2
C00339,Male,0,No,No,13,Yes,No,Fiber optic,No,No,No,No,Yes,No,Month-to-month,Yes,Bank transfer,55.5,686.63,Yes,1,13-24,3
C00340,Female,0,No,Yes,1,Yes,Yes,Fiber optic,No,Yes,No,No,No,Yes,One year,Yes,Bank transfer,57.5,58.71,No,0,0-6,1
C00341,Male,0,Yes,No,6,Yes,Yes,Fiber optic,Yes,No,No,No,Yes,No,Two year,Yes,Bank transfer,64.42,414.78,No,0,0-6,1
C00342,Male,0,No,No,27,Yes,No,DSL,No,Yes,Yes,Yes,No,No,One year,Yes,Electronic check,41.53,1067.92,No,0,25-48,4
C00343,Female,0,No,Yes,19,Yes,No,Fiber optic,No,No,No,No,No,Yes,Month-to-month,No,Mailed check,57.78,1112.78,No,0,13-24,3
C00344,Male,0,No,No,15,Yes,Yes,DSL,No,No,Yes,No,No,Yes,Month-to-month,No,Credit card,40.88,623.62,Yes,1,13-24,3
C00345,Female,0,No,Yes,2,Yes,Yes,Fiber optic,Yes,No,No,Yes,No,No,Month-to-month,No,Electronic check,56.49,114.65,No,0,0-6,1
C00346,Male,0,Yes,No,66,Yes,No,DSL,Yes,Yes,No,Yes,No,No,One year,No,Electronic check,34.84,2279.66,No,0,49-72,5
C00347,Male,0,No,Yes,72,Yes,No,Fiber optic,No,No,Yes,No,Yes,Yes,Month-to-month,Yes,Mailed check,61.5,4210.51,No,0,49-72,5
C00348,Female,0,No,No,72,Yes,Yes,DSL,No,No,Yes,No,No,No,Month-to-month,Yes,Mailed check,43.14,3262.99,No,0,49-72,5
C00349,Female,0,Yes,No,12,Yes,No,DSL,No,No,No,Yes,Yes,No,Two year,Yes,Mailed check,42.98,550.69,No,0,7-12,2
C00350,Male,0,No,No,46,Yes,No,Fiber optic,No,No,Yes,No,No,No,Month-to-month,Yes,Electronic check,74.02,3150.98,No,0,25-48,4
C00351,Female,0,No,No,18,Yes,No,DSL,Yes,No,No,No,No,Yes,One year,No,Electronic check,40.71,784.02,No,0,13-24,3
C00352,Female,0,No,No,17,Yes,Yes,Fiber optic,No,Yes,Yes,Yes,No,No,One year,No,Bank transfer,51.42,836.76,Yes,1,13-24,3
C00353,Female,0,Yes,Yes,15,Yes,No,Fiber optic,Yes,Yes,Yes,No,Yes,No,Month-to-month,No,Mailed check,58.8,890.94,No,0,13-24,3
C00354,Male,0,Yes,No,20,Yes,No,DSL,Yes,No,Yes,No,No,Yes,One year,Yes,Mailed check,40.92,861.49,No,0,13-24,3
C00355,Female,0,Yes,Yes,46,Yes,Yes,DSL,Yes,Yes,No,Yes,Yes,No,Month-to-month,Yes,Bank transfer,47.08,2195.34,Yes,1,25-48,4
C00356,Female,1,No,No,25,Yes,No,DSL,No,No,Yes,No,Yes,No,One year,Yes,Credit card,42.24,1028.92,No,0,25-48,4
C00357,Male,0,No,No,46,Yes,No,Fiber optic,No,No,No,No,Yes,No,Month-to-month,No,Bank transfer,66.45,3056.35,No,0,25-48,4
C00358,Male,0,No,No,61,No,No phone service,Fiber optic,No,No,Yes,No,No,No,Month-to-month,Yes,Mailed check,54.24,3289.43,Yes,1,49-72,5
C00359,Female,0,Yes,Yes,72,Yes,No,DSL,Yes,No,No,Yes,Yes,Yes,Two year,No,Credit card,42.53,3011.24,No,0,49-72,5
C00360,Female,0,No,No,47,Yes,No,Fiber optic,No,No,Yes,No,No,No,Month-to-month,Yes,Mailed check,58.07,2838.9,Yes,1,25-48,4
C00361,Male,0,Yes,No,23,Yes,No,Fiber optic,No,No,No,Yes,No,Yes,Two year,Yes,Electronic check,59.93,1452.54,Yes,1,13-24,3
C00362,Female,1,Yes,No,21,Yes,No,No internet service,No internet service,No internet service,No internet service,No internet service,No internet service,No internet service,Two year,Yes,Electronic check,23.29,485.26,No,0,13-24,3
C00363,Male,0,No,No,24,Yes,No,Fiber optic,No,Yes,Yes,No,No,Yes,Month-to-month,Yes,Credit card,56.65,1449.51,Yes,1,13-24,3
C00364,Male,0,No,Yes,39,Yes,No,DSL,Yes,No,No,Yes,No,No,Two year,No,Credit card,36.4,1409.78,Yes,1,25-48,4
C00365,Male,1,No,Yes,72,Yes,No,No internet service,No internet service,No internet service,No internet service,No internet service,No internet service,No internet service,Two year,No,Electronic check,28.5,2003.15,No,0,49-72,5
C00366,Male,0,No,No,36,Yes,Yes,DSL,No,Yes,No,No,Yes,No,Two year,No,Bank transfer,27.5,942.08,No,0,25-48,4
C00367,Male,0,Yes,No,28,Yes,Yes,DSL,Yes,Yes,No,No,Yes,Yes,Month-to-month,Yes,Electronic check,46.41,1389.26,Yes,1,25-48,4
C00368,Male,0,No,Yes,4,Yes,Yes,DSL,No,Yes,No,No,Yes,Yes,Month-to-month,Yes,Bank transfer,49.36,184.25,No,0,0-6,1
C00369,Male,0,No,Yes,36,Yes,Yes,Fiber optic,No,No,No,No,No,No,Two year,No,Bank transfer,56.18,1928.4,Yes,1,25-48,4
C00370,Male,0,Yes,Yes,26,Yes,No,Fiber optic,No,No,Yes,No,Yes,Yes,Month-to-month,Yes,Bank transfer,63.3,1590.78,No,0,25-48,4
C00371,Female,0,No,No,42,Yes,No,Fiber optic,Yes,No,No,Yes,Yes,No,Month-to-month,Yes,Mailed check,71.79,2976.66,No,0,25-48,4
C00372,Female,0,No,No,61,Yes,Yes,DSL,Yes,No,Yes,Yes,No,No,Month-to-month,Yes,Electronic check,28.43,1624.89,No,0,49-72,5
C00373,Male,0,No,No,32,Yes,No,Fiber optic,No,No,No,No,Yes,No,Month-to-month,No,Bank transfer,56.51,1896.8,Yes,1,25-48,4
C00374,Female,0,Yes,No,5,Yes,Yes,Fiber optic,Yes,No,No,No,No,No,Month-to-month,No,Electronic check,57.99,285.25,Yes,1,0-6,1
C00375,Male,0,No,No,51,Yes,No,DSL,Yes,No,No,No,Yes,Yes,One year,Yes,Bank transfer,46.29,2300.87,No,0,49-72,5
C00376,Female,1,No,No,18,Yes,No,DSL,No,Yes,Yes,Yes,No,No,Two year,No,Electronic check,44.77,772.18,No,0,13-24,3
C00377,Male,0,No,No,12,Yes,No,DSL,Yes,No,Yes,No,Yes,Yes,Month-to-month,Yes,Mailed check,38.03,491.92,Yes,1,7-12,2
C00378,Female,0,Yes,No,43,Yes,No,Fiber optic,No,No,No,No,Yes,No,Two year,Yes,Bank transfer,63.94,2700.09,No,0,25-48,4
C00379,Male,0,No,No,24,Yes,No,Fiber optic,No,No,Yes,No,No,No,One year,No,Electronic check,58.43,1434.36,Yes,1,13-24,3
C00380,Female,0,No,No,31,Yes,Yes,Fiber optic,No,No,No,Yes,No,No,Month-to-month,No,Bank transfer,56.87,1763.87,Yes,1,25-48,4
C00381,Female,0,No,No,24,Yes,No,Fiber optic,Yes,Yes,No,Yes,Yes,No,Month-to-month,Yes,Credit card,55.96,1323.77,No,0,13-24,3
C00382,Male,0,No,Yes,30,Yes,No,DSL,Yes,Yes,No,No,Yes,Yes,Month-to-month,No,Credit card,36.64,1011.74,No,0,25-48,4
C00383,Male,0,No,No,19,Yes,No,DSL,No,Yes,No,No,No,No,Month-to-month,Yes,Electronic check,36.8,702.51,Yes,1,13-24,3
C00384,Male,1,Yes,No,38,Yes,No phone service,No internet service,No internet service,No internet service,No internet service,No internet service,No internet service,No internet service,Two year,No,Mailed check,24.89,924.72,No,0,25-48,4
C00385,Female,0,No,No,5,Yes,No,Fiber optic,Yes,No,No,No,No,No,Two year,Yes,Electronic check,67.43,349.23,Yes,1,0-6,1
C00386,Female,0,No,No,21,Yes,No,DSL,No,Yes,No,No,Yes,No,Month-to-month,Yes,Electronic check,42.77,923.2,Yes,1,13-24,3
C00387,Male,0,No,No,49,Yes,No,DSL,No,No,Yes,No,No,No,Month-to-month,No,Electronic check,42.18,2213.91,No,0,49-72,5
C00388,Female,0,No,No,1,Yes,No phone service,No internet service,No internet service,No internet service,No internet service,No internet service,No internet service,No internet service,Month-to-month,Yes,Electronic check,25.43,27.01,Yes,1,0-6,1
C00389,Male,0,Yes,No,25,Yes,No,DSL,Yes,No,Yes,No,Yes,No,One year,Yes,Bank transfer,38.57,907.97,Yes,1,25-48,4
C00390,Male,0,Yes,No,63,Yes,No,DSL,Yes,No,No,No,Yes,Yes,Month-to-month,No,Bank transfer,38.9,2523.97,No,0,49-72,5
C00391,Female,0,No,No,72,Yes,No,DSL,No,No,No,Yes,No,Yes,Month-to-month,No,Electronic check,32.15,2495.71,Yes,1,49-72,5
C00392,Male,0,Yes,No,20,Yes,No,Fiber optic,No,Yes,No,No,Yes,Yes,Month-to-month,Yes,Electronic check,59.82,1291.77,Yes,1,13-24,3
C00393,Male,0,No,Yes,14,Yes,No,Fiber optic,No,No,No,Yes,Yes,No,Month-to-month,No,Bank transfer,66.1,959.61,Yes,1,13-24,3
C00394,Male,1,Yes,No,46,No,No phone service,Fiber optic,No,Yes,No,No,Yes,No,One year,Yes,Bank transfer,51.03,2369.42,No,0,25-48,4
C00395,Male,0,Yes,Yes,43,Yes,No,Fiber optic,Yes,Yes,No,No,Yes,Yes,Month-to-month,No,Credit card,64.75,2585.59,No,0,25-48,4
C00396,Female,0,No,No,50,Yes,No,Fiber optic,Yes,Yes,Yes,No,No,Yes,Month-to-month,No,Credit card,57.53,2985.28,Yes,1,49-72,5
C00397,Male,0,Yes,No,52,Yes,No,DSL,No,Yes,No,Yes,No,No,One year,Yes,Electronic check,36.78,1958.41,No,0,49-72,5
C00398,Female,1,No,No,19,Yes,No,DSL,Yes,Yes,Yes,No,No,No,Two year,Yes,Bank transfer,32.95,600.54,No,0,13-24,3
C00399,Female,0,Yes,No,36,No,No phone service,DSL,Yes,No,Yes,Yes,Yes,Yes,Month-to-month,Yes,Electronic check,30.05,1061.07,No,0,25-48,4
C00400,Female,0,Yes,Yes,25,Yes,Yes,Fiber optic,Yes,Yes,No,No,No,No,Two year,Yes,Mailed check,58.42,1444.54,No,0,25-48,4
C00401,Male,0,Yes,Yes,41,Yes,Yes,Fiber optic,Yes,No,No,No,No,Yes,Month-to-month,No,Bank transfer,59.7,2300.39,Yes,1,25-48,4
C00402,Female,0,Yes,Yes,30,No,No,No internet service,No internet service,No internet service,No internet service,No internet service,No internet service,No internet service,One year,No,Credit card,18.0,498.55,No,0,25-48,4
C00403,Male,0,Yes,Yes,20,Yes,Yes,Fiber optic,No,Yes,No,Yes,No,Yes,One year,No,Mailed check,61.04,1154.75,No,0,13-24,3
C00404,Male,0,Yes,Yes,49,Yes,Yes,Fiber optic,Yes,No,No,No,No,No,Month-to-month,Yes,Mailed check,62.49,3278.25,Yes,1,49-72,5
C00405,Female,1,Yes,No,72,Yes,No,Fiber optic,No,No,Yes,No,No,No,Two year,Yes,Electronic check,52.68,4088.32,No,0,49-72,5
C00406,Female,0,No,No,12,Yes,No,No internet service,No internet service,No internet service,No internet service,No internet service,No internet service,No internet service,Month-to-month,Yes,Bank transfer,25.46,326.6,No,0,7-12,2
C00407,Male,0,Yes,Yes,24,Yes,Yes,Fiber optic,No,No,No,No,No,Yes,One year,Yes,Electronic check,63.9,1637.36,No,0,13-24,3
C00408,Male,1,No,No,17,Yes,No,Fiber optic,Yes,No,Yes,No,No,No,Month-to-month,Yes,Mailed check,65.88,1058.14,No,0,13-24,3
C00409,Female,1,No,No,26,Yes,No,Fiber optic,No,No,No,Yes,No,Yes,One year,Yes,Mailed check,59.3,1433.26,No,0,25-48,4
C00410,Male,0,Yes,Yes,72,Yes,No,Fiber optic,No,No,Yes,No,No,No,Month-to-month,Yes,Electronic check,54.71,3754.86,No,0,49-72,5
C00411,Male,0,Yes,No,4,Yes,No,Fiber optic,Yes,Yes,No,Yes,No,No,One year,No,Electronic check,55.63,213.43,No,0,0-6,1
C00412,Female,0,Yes,No,18,Yes,No,No internet service,No internet service,No internet service,No internet service,No internet service,No internet service,No internet service,Month-to-month,No,Mailed check,27.98,497.05,No,0,13-24,3
C00413,Female,0,No,No,27,Yes,No,Fiber optic,Yes,No,Yes,Yes,No,No,Month-to-month,Yes,Electronic check,63.56,1619.45,Yes,1,25-48,4
C00414,Female,0,Yes,No,37,Yes,No,Fiber optic,No,No,No,No,No,No,Month-to-month,Yes,Mailed check,57.68,2294.58,No,0,25-48,4
C00415,Male,0,No,No,13,No,No phone service,Fiber optic,No,Yes,No,Yes,No,Yes,Two year,Yes,Credit card,50.2,660.31,No,0,13-24,3
C00416,Male,0,Yes,No,28,Yes,No,No internet service,No internet service,No internet service,No internet service,No internet service,No internet service,No internet service,Month-to-month,No,Electronic check,26.1,768.16,No,0,25-48,4
C00417,Male,0,No,No,27,Yes,No,DSL,No,Yes,No,No,No,No,Month-to-month,Yes,Credit card,39.79,1005.49,Yes,1,25-48,4
C00418,Male,0,No,No,51,Yes,No,Fiber optic,No,Yes,Yes,No,Yes,No,Month-to-month,Yes,Mailed check,62.12,3224.09,No,0,49-72,5
C00419,Male,0,Yes,No,47,Yes,Yes,Fiber optic,Yes,Yes,Yes,Yes,No,Yes,One year,Yes,Electronic check,54.25,2613.03,No,0,25-48,4
C00420,Male,1,No,Yes,55,Yes,No phone service,No internet service,No internet service,No internet service,No internet service,No internet service,No internet service,No internet service,Month-to-month,Yes,Electronic check,18.0,1028.91,Yes,1,49-72,5
C00421,Female,0,No,No,72,Yes,No phone service,No internet service,No internet service,No internet service,No internet service,No internet service,No internet service,No internet service,Month-to-month,Yes,Bank transfer,26.12,1818.33,No,0,49-72,5
C00422,Male,0,No,No,37,Yes,No phone service,No internet service,No internet service,No internet service,No internet service,No internet service,No internet service,No internet service,One year,No,Bank transfer,31.85,1101.44,Yes,1,25-48,4
C00423,Male,0,Yes,No,1,Yes,No,DSL,No,Yes,Yes,No,No,Yes,One year,Yes,Mailed check,32.91,31.93,Yes,1,0-6,1
C00424,Male,0,Yes,Yes,9,Yes,Yes,Fiber optic,Yes,No,No,No,Yes,Yes,One year,Yes,Mailed check,62.52,523.47,Yes,1,7-12,2
C00425,Male,0,No,No,16,Yes,Yes,Fiber optic,No,No,No,No,Yes,No,Month-to-month,Yes,Bank transfer,60.84,924.27,Yes,1,13-24,3
C00426,Male,0,No,Yes,30,Yes,No,DSL,Yes,No,No,Yes,No,No,Month-to-month,Yes,Credit card,34.08,1045.71,Yes,1,25-48,4
C00427,Male,0,Yes,No,72,Yes,No,Fiber optic,Yes,No,No,Yes,No,No,Month-to-month,Yes,Mailed check,62.3,4567.85,Yes,1,49-72,5
C00428,Female,0,Yes,Yes,32,Yes,Yes,Fiber optic,Yes,No,No,Yes,No,No,One year,Yes,Bank transfer,64.2,1970.41,No,0,25-48,4
C00429,Female,0,No,No,15,Yes,No,No internet service,No internet service,No internet service,No internet service,No internet service,No internet service,No internet service,One year,Yes,Bank transfer,37.66,560.24,No,0,13-24,3
C00430,Male,0,Yes,No,72,Yes,Yes,DSL,Yes,No,No,Yes,Yes,No,Month-to-month,No,Electronic check,36.67,2571.59,No,0,49-72,5
C00431,Female,0,Yes,No,46,Yes,No,DSL,No,Yes,No,No,Yes,No,One year,Yes,Credit card,36.23,1741.49,Yes,1,25-48,4
C00432,Female,0,Yes,Yes,16,Yes,Yes,Fiber optic,No,No,No,No,No,No,Month-to-month,No,Electronic check,62.89,1066.59,No,0,13-24,3
C00433,Female,0,No,No,71,Yes,Yes,Fiber optic,No,No,No,No,Yes,No,Two year,Yes,Electronic check,57.19,3989.2,No,0,49-72,5
C00434,Female,0,Yes,Yes,14,Yes,Yes,DSL,No,No,Yes,No,No,Yes,Month-to-month,Yes,Electronic check,37.5,539.79,No,0,13-24,3
C00435,Female,0,Yes,No,39,Yes,No,DSL,No,No,No,Yes,No,Yes,Month-to-month,Yes,Electronic check,37.52,1512.72,Yes,1,25-48,4
C00436,Male,0,Yes,Yes,13,Yes,No,No internet service,No internet service,No internet service,No internet service,No internet service,No internet service,No internet service,Two year,Yes,Electronic check,27.0,338.24,No,0,13-24,3
C00437,Female,0,Yes,No,68,Yes,No,Fiber optic,Yes,No,No,No,No,No,One year,No,Electronic check,56.33,3856.02,No,0,49-72,5
C00438,Female,0,No,No,19,Yes,No phone service,No internet service,No internet service,No internet service,No internet service,No internet service,No internet service,No internet service,Two year,Yes,Mailed check,22.64,398.7,No,0,13-24,3
C00439,Female,0,No,Yes,31,Yes,Yes,DSL,Yes,Yes,Yes,No,Yes,No,One year,No,Mailed check,38.02,1141.53,No,0,25-48,4
C00440,Male,1,Yes,No,49,Yes,No phone service,No internet service,No internet service,No internet service,No internet service,No internet service,No internet service,No internet service,Month-to-month,Yes,Credit card,18.14,918.97,Yes,1,49-72,5
C00441,Male,1,Yes,Yes,5,Yes,Yes,Fiber optic,No,No,No,No,No,Yes,Month-to-month,Yes,Bank transfer,66.24,314.57,Yes,1,0-6,1
C00442,Male,1,Yes,No,19,Yes,No phone service,No internet service,No internet service,No internet service,No internet service,No internet service,No internet service,No internet service,Month-to-month,No,Bank transfer,20.19,412.11,No,0,13-24,3
C00443,Male,0,No,No,16,Yes,No phone service,No internet service,No internet service,No internet service,No internet service,No internet service,No internet service,No internet service,Two year,Yes,Electronic check,22.08,329.35,No,0,13-24,3
C00444,Female,0,Yes,Yes,11,Yes,Yes,Fiber optic,No,No,No,No,Yes,No,Month-to-month,Yes,Electronic check,64.91,698.55,Yes,1,7-12,2
C00445,Female,0,Yes,No,30,Yes,No,Fiber optic,No,No,No,Yes,No,No,Month-to-month,Yes,Mailed check,56.94,1587.31,Yes,1,25-48,4
C00446,Female,0,No,No,34,Yes,No,Fiber optic,No,Yes,No,Yes,No,No,Month-to-month,Yes,Bank transfer,57.67,1812.34,No,0,25-48,4
C00447,Male,0,No,No,31,Yes,No,Fiber optic,Yes,No,Yes,Yes,Yes,No,Month-to-month,Yes,Credit card,63.73,1866.36,No,0,25-48,4
C00448,Male,0,Yes,No,15,Yes,Yes,Fiber optic,Yes,Yes,Yes,Yes,No,No,Month-to-month,No,Mailed check,64.34,952.24,Yes,1,13-24,3
C00449,Female,1,No,Yes,10,Yes,No,DSL,Yes,No,Yes,Yes,No,Yes,One year,Yes,Mailed check,43.33,453.45,Yes,1,7-12,2
C00450,Female,0,No,Yes,14,Yes,No,DSL,Yes,No,No,No,No,No,Month-to-month,No,Electronic check,39.28,535.02,No,0,13-24,3
C00451,Female,0,No,Yes,72,Yes,No,Fiber optic,No,No,Yes,No,No,No,Two year,No,Credit card,62.35,4616.46,No,0,49-72,5
C00452,Male,0,Yes,No,14,Yes,No,Fiber optic,No,No,No,Yes,Yes,No,Month-to-month,Yes,Electronic check,59.68,782.04,Yes,1,13-24,3
C00453,Female,0,No,Yes,40,No,No phone service,Fiber optic,No,No,No,No,No,No,Month-to-month,No,Mailed check,49.78,2118.08,No,0,25-48,4
C00454,Male,0,No,Yes,10,Yes,No,Fiber optic,Yes,Yes,No,No,No,Yes,Month-to-month,Yes,Electronic check,64.44,675.53,Yes,1,7-12,2
C00455,Female,0,No,Yes,49,Yes,No,DSL,No,No,Yes,Yes,Yes,No,Two year,Yes,Mailed check,41.14,1866.63,No,0,49-72,5
C00456,Male,0,Yes,No,41,Yes,Yes,Fiber optic,Yes,Yes,No,No,No,No,Two year,Yes,Credit card,54.16,2290.24,No,0,25-48,4
C00457,Male,0,Yes,Yes,7,Yes,No,Fiber optic,No,No,Yes,No,No,Yes,Month-to-month,No,Bank transfer,61.43,461.08,No,0,7-12,2
C00458,Male,0,Yes,No,23,Yes,No,DSL,Yes,No,No,Yes,No,No,Month-to-month,Yes,Mailed check,35.91,868.19,Yes,1,13-24,3
C00459,Female,0,No,No,37,No,No phone service,Fiber optic,No,No,No,No,No,No,One year,No,Electronic check,55.4,1976.22,Yes,1,25-48,4
C00460,Female,0,No,No,26,Yes,No,No internet service,No internet service,No internet service,No internet service,No internet service,No internet service,No internet service,Month-to-month,No,Electronic check,20.87,536.84,No,0,25-48,4
C00461,Male,0,No,Yes,72,No,No,No internet service,No internet service,No internet service,No internet service,No internet service,No internet service,No internet service,Two year,Yes,Credit card,25.13,1883.56,No,0,49-72,5
C00462,Male,1,Yes,No,17,Yes,No,Fiber optic,Yes,Yes,No,No,No,No,Month-to-month,No,Bank transfer,60.69,1114.17,Yes,1,13-24,3
C00463,Male,1,No,No,19,Yes,No phone service,No internet service,No internet service,No internet service,No internet service,No internet service,No internet service,No internet service,One year,Yes,Mailed check,20.62,418.95,No,0,13-24,3
C00464,Male,0,Yes,No,46,Yes,Yes,DSL,Yes,No,Yes,Yes,No,No,Month-to-month,No,Electronic check,32.24,1388.55,Yes,1,25-48,4
C00465,Female,1,No,No,39,Yes,No,Fiber optic,No,Yes,No,Yes,No,No,One year,Yes,Bank transfer,56.78,2251.38,Yes,1,25-48,4
C00466,Female,0,Yes,No,27,No,No phone service,Fiber optic,Yes,No,Yes,No,No,Yes,One year,No,Credit card,57.83,1505.19,Yes,1,25-48,4
C00467,Female,0,No,Yes,13,Yes,No,DSL,No,Yes,Yes,No,No,Yes,Month-to-month,No,Credit card,38.54,484.37,Yes,1,13-24,3
C00468,Male,0,No,Yes,36,Yes,No,Fiber optic,No,Yes,Yes,Yes,No,No,Two year,Yes,Bank transfer,60.81,2249.37,No,0,25-48,4
C00469,Male,0,No,Yes,24,Yes,No phone service,No internet service,No internet service,No internet service,No internet service,No internet service,No internet service,No internet service,Two year,Yes,Electronic check,18.0,400.12,No,0,13-24,3
C00470,Male,0,No,Yes,20,Yes,No,DSL,No,No,No,No,Yes,No,Two year,Yes,Mailed check,41.84,859.15,No,0,13-24,3
C00471,Male,0,No,No,8,Yes,Yes,DSL,No,Yes,No,Yes,No,No,Two year,Yes,Electronic check,35.97,296.69,Yes,1,7-12,2
C00472,Male,0,Yes,No,40,No,No phone service,Fiber optic,No,No,Yes,No,No,No,Two year,Yes,Mailed check,56.1,2123.07,No,0,25-48,4
C00473,Male,1,Yes,No,40,No,No phone service,Fiber optic,No,Yes,Yes,Yes,Yes,Yes,Month-to-month,No,Bank transfer,57.7,2229.25,No,0,25-48,4
C00474,Male,0,No,Yes,45,Yes,No,Fiber optic,Yes,No,Yes,Yes,Yes,Yes,Month-to-month,No,Bank transfer,58.78,2833.23,Yes,1,25-48,4
C00475,Female,1,No,No,56,Yes,Yes,DSL,No,Yes,No,Yes,Yes,Yes,Two year,Yes,Bank transfer,37.19,2162.76,Yes,1,49-72,5
C00476,Female,1,No,No,22,No,No phone service,DSL,No,No,No,Yes,No,Yes,Month-to-month,Yes,Mailed check,33.89,785.47,No,0,13-24,3
C00477,Female,0,No,No,16,Yes,Yes,Fiber optic,No,Yes,Yes,Yes,No,No,Two year,Yes,Electronic check,61.09,978.37,No,0,13-24,3
C00478,Male,1,No,Yes,22,No,No phone service,No internet service,No internet service,No internet service,No internet service,No internet service,No internet service,No internet service,Month-to-month,No,Electronic check,20.44,430.4,No,0,13-24,3
C00479,Male,1,Yes,Yes,72,Yes,Yes,Fiber optic,No,No,No,No,No,No,Two year,Yes,Bank transfer,53.66,3961.81,Yes,1,49-72,5
C00480,Male,0,Yes,No,13,Yes,Yes,Fiber optic,No,Yes,No,Yes,No,No,Month-to-month,Yes,Electronic check,63.1,862.51,Yes,1,13-24,3
C00481,Female,0,No,No,17,Yes,Yes,Fiber optic,Yes,No,No,No,No,No,Month-to-month,No,Bank transfer,55.9,923.29,No,0,13-24,3
C00482,Male,0,No,Yes,12,Yes,No,Fiber optic,Yes,No,Yes,Yes,No,Yes,Month-to-month,Yes,Electronic check,54.59,694.8,Yes,1,7-12,2
C00483,Male,0,No,No,23,Yes,No,Fiber optic,Yes,Yes,No,No,No,Yes,One year,Yes,Credit card,53.61,1244.72,Yes,1,13-24,3
C00484,Female,0,Yes,No,22,Yes,No,Fiber optic,No,Yes,No,No,No,No,Month-to-month,Yes,Bank transfer,59.61,1210.8,Yes,1,13-24,3
C00485,Male,0,No,Yes,26,Yes,Yes,DSL,No,Yes,Yes,No,No,No,Two year,No,Electronic check,37.88,1031.05,No,0,25-48,4
C00486,Female,0,No,No,5,Yes,No,Fiber optic,No,Yes,No,Yes,Yes,No,Month-to-month,No,Bank transfer,55.76,281.13,Yes,1,0-6,1
C00487,Male,0,Yes,No,4,Yes,No phone service,No internet service,No internet service,No internet service,No internet service,No internet service,No internet service,No internet service,Month-to-month,Yes,Mailed check,27.99,113.11,Yes,1,0-6,1
C00488,Female,0,No,No,9,Yes,Yes,Fiber optic,Yes,Yes,No,No,Yes,No,Two year,No,Credit card,69.36,595.14,No,0,7-12,2
C00489,Male,0,Yes,No,30,No,No phone service,Fiber optic,Yes,Yes,Yes,Yes,No,Yes,One year,Yes,Electronic check,47.47,1482.96,No,0,25-48,4
C00490,Male,0,Yes,No,61,Yes,Yes,Fiber optic,No,No,Yes,Yes,No,Yes,Month-to-month,No,Bank transfer,60.42,3814.28,No,0,49-72,5
C00491,Male,0,Yes,Yes,36,Yes,Yes,Fiber optic,No,No,Yes,Yes,No,Yes,Two year,No,Mailed check,70.39,2618.08,No,0,25-48,4
C00492,Female,0,Yes,No,30,Yes,No,DSL,No,No,No,No,No,No,One year,Yes,Credit card,40.63,1227.35,No,0,25-48,4
C00493,Female,0,Yes,No,72,Yes,No,Fiber optic,No,No,No,Yes,Yes,No,Two year,Yes,Electronic check,61.32,4367.23,Yes,1,49-72,5
C00494,Female,0,No,Yes,53,Yes,No,Fiber optic,Yes,Yes,No,No,No,No,Month-to-month,No,Electronic check,60.81,3209.25,No,0,49-72,5
C00495,Female,0,No,No,69,Yes,No,DSL,Yes,No,No,Yes,No,No,Month-to-month,No,Mailed check,39.18,2618.46,No,0,49-72,5
C00496,Male,0,No,No,7,Yes,No,Fiber optic,No,Yes,Yes,No,No,No,Two year,Yes,Bank transfer,54.09,377.42,Yes,1,7-12,2
C00497,Male,0,Yes,No,68,Yes,No phone service,No internet service,No internet service,No internet service,No internet service,No internet service,No internet service,No internet service,Month-to-month,No,Bank transfer,18.27,1246.18,No,0,49-72,5
C00498,Male,0,No,No,42,Yes,No phone service,No internet service,No internet service,No internet service,No internet service,No internet service,No internet service,No internet service,One year,Yes,Mailed check,24.89,1080.68,No,0,25-48,4
C00499,Female,0,No,No,53,Yes,No,Fiber optic,No,No,Yes,Yes,Yes,Yes,Two year,No,Bank transfer,65.37,3455.14,No,0,49-72,5
C00500,Female,0,No,Yes,23,Yes,No,DSL,No,Yes,No,Yes,No,No,Month-to-month,No,Electronic check,33.22,742.34,No,0,13-24,3
C00501,Female,0,No,Yes,54,Yes,No,DSL,Yes,Yes,Yes,No,No,No,One year,No,Mailed check,36.84,2082.31,No,0,49-72,5
C00502,Female,0,No,Yes,10,Yes,No,Fiber optic,Yes,No,Yes,No,No,Yes,One year,Yes,Mailed check,69.24,723.35,No,0,7-12,2
C00503,Male,0,No,Yes,39,Yes,No phone service,No internet service,No internet service,No internet service,No internet service,No internet service,No internet service,No internet service,Month-to-month,Yes,Mailed check,22.87,962.95,Yes,1,25-48,4
C00504,Male,0,No,No,26,Yes,No phone service,No internet service,No internet service,No internet service,No internet service,No internet service,No internet service,No internet service,One year,No,Bank transfer,29.28,814.33,Yes,1,25-48,4
C00505,Female,0,Yes,No,13,Yes,No,Fiber optic,No,Yes,Yes,No,No,Yes,Two year,Yes,Mailed check,62.92,795.39,No,0,13-24,3
C00506,Male,0,Yes,Yes,24,Yes,Yes,DSL,No,No,Yes,No,Yes,No,Month-to-month,Yes,Credit card,39.76,926.85,No,0,13-24,3
C00507,Male,0,Yes,Yes,49,Yes,No,DSL,Yes,No,Yes,Yes,No,No,Month-to-month,Yes,Electronic check,38.89,1924.1,No,0,49-72,5
C00508,Female,0,Yes,No,16,Yes,No,Fiber optic,No,No,Yes,No,No,No,Month-to-month,No,Electronic check,66.24,1076.6,Yes,1,13-24,3
C00509,Male,1,No,No,54,Yes,No,Fiber optic,Yes,No,Yes,No,No,Yes,One year,No,Bank transfer,65.63,3563.51,Yes,1,49-72,5
C00510,Female,0,No,No,14,Yes,Yes,Fiber optic,No,No,No,Yes,No,Yes,Month-to-month,No,Electronic check,61.57,841.3,Yes,1,13-24,3
C00511,Female,0,No,No,45,Yes,Yes,Fiber optic,Yes,Yes,Yes,Yes,Yes,Yes,Month-to-month,No,Electronic check,63.45,2719.64,Yes,1,25-48,4
C00512,Male,1,No,No,26,Yes,No,No internet service,No internet service,No internet service,No internet service,No internet service,No internet service,No internet service,Month-to-month,No,Electronic check,18.0,498.58,Yes,1,25-48,4
C00513,Male,0,Yes,No,43,Yes,No,Fiber optic,No,No,No,No,Yes,Yes,Two year,Yes,Electronic check,61.39,2589.09,No,0,25-48,4
C00514,Male,0,No,Yes,32,Yes,No,Fiber optic,Yes,No,No,Yes,No,No,Two year,Yes,Mailed check,58.26,1977.17,No,0,25-48,4
C00515,Female,0,Yes,No,20,No,No phone service,Fiber optic,No,Yes,No,No,Yes,No,Month-to-month,Yes,Credit card,50.86,1005.11,Yes,1,13-24,3
C00516,Female,1,Yes,No,69,Yes,No,Fiber optic,No,No,Yes,No,No,Yes,Two year,Yes,Mailed check,65.03,4559.06,No,0,49-72,5
C00517,Male,0,Yes,No,43,Yes,No phone service,No internet service,No internet service,No internet service,No internet service,No internet service,No internet service,No internet service,Two year,Yes,Mailed check,23.1,917.77,No,0,25-48,4
C00518,Male,0,No,No,15,Yes,No,DSL,Yes,No,Yes,No,No,Yes,One year,Yes,Electronic check,36.67,565.02,No,0,13-24,3
C00519,Female,0,Yes,No,26,Yes,No,Fiber optic,Yes,Yes,No,No,No,Yes,One year,Yes,Bank transfer,61.23,1681.69,No,0,25-48,4
C00520,Male,0,No,No,60,Yes,Yes,Fiber optic,Yes,No,No,No,No,Yes,Two year,Yes,Mailed check,60.36,3630.26,No,0,49-72,5
C00521,Male,0,Yes,Yes,33,Yes,Yes,Fiber optic,Yes,No,No,No,No,No,Month-to-month,No,Bank transfer,53.22,1815.16,No,0,25-48,4
C00522,Female,0,Yes,Yes,7,Yes,No,DSL,No,Yes,No,No,No,No,Month-to-month,Yes,Electronic check,36.03,271.38,Yes,1,7-12,2
C00523,Male,0,No,Yes,49,Yes,No,Fiber optic,No,Yes,No,No,No,Yes,One year,No,Electronic check,64.12,3321.09,Yes,1,49-72,5
C00524,Female,0,Yes,Yes,28,Yes,No,Fiber optic,Yes,No,No,No,Yes,Yes,Month-to-month,Yes,Electronic check,63.01,1679.67,Yes,1,25-48,4
C00525,Female,0,No,No,28,Yes,No,DSL,Yes,Yes,Yes,Yes,Yes,Yes,Month-to-month,No,Bank transfer,29.33,789.92,No,0,25-48,4
C00526,Male,1,Yes,No,4,Yes,Yes,Fiber optic,Yes,Yes,Yes,No,Yes,Yes,One year,No,Bank transfer,70.87,272.08,No,0,0-6,1
C00527,Male,0,Yes,No,16,Yes,No,DSL,Yes,No,Yes,No,No,Yes,One year,Yes,Electronic check,38.68,662.44,No,0,13-24,3
C00528,Male,0,No,No,37,Yes,No,Fiber optic,Yes,Yes,Yes,No,Yes,No,Month-to-month,No,Bank transfer,67.75,2337.6,No,0,25-48,4
C00529,Female,1,Yes,No,63,Yes,No,Fiber optic,Yes,Yes,No,No,No,Yes,One year,Yes,Electronic check,57.5,3636.88,No,0,49-72,5
C00530,Female,1,Yes,No,13,Yes,Yes,DSL,Yes,No,No,Yes,Yes,No,Two year,Yes,Bank transfer,34.09,430.74,No,0,13-24,3
C00531,Female,0,Yes,No,25,Yes,No,Fiber optic,No,No,No,Yes,No,No,Two year,Yes,Electronic check,63.35,1562.28,Yes,1,25-48,4
C00532,Female,0,No,Yes,13,Yes,No,DSL,No,Yes,No,Yes,Yes,No,Month-to-month,No,Electronic check,40.22,494.2,No,0,13-24,3
C00533,Male,0,Yes,Yes,51,Yes,No,DSL,Yes,Yes,Yes,Yes,No,No,Month-to-month,Yes,Bank transfer,37.5,1932.11,Yes,1,49-72,5
C00534,Male,0,Yes,Yes,33,Yes,No phone service,No internet service,No internet service,No internet service,No internet service,No internet service,No internet service,No internet service,Two year,Yes,Bank transfer,29.51,1026.95,No,0,25-48,4
C00535,Female,0,No,No,19,Yes,No,DSL,No,No,No,Yes,Yes,No,Two year,No,Credit card,34.64,634.02,No,0,13-24,3
C00536,Female,0,Yes,No,43,Yes,No,DSL,No,No,Yes,Yes,Yes,No,Month-to-month,No,Credit card,36.17,1547.89,Yes,1,25-48,4
C00537,Male,0,Yes,No,22,No,No,No internet service,No internet service,No internet service,No internet service,No internet service,No internet service,No internet service,Month-to-month,Yes,Mailed check,18.0,407.57,No,0,13-24,3
C00538,Female,0,No,No,25,Yes,Yes,Fiber optic,No,No,No,Yes,No,No,Month-to-month,Yes,Electronic check,62.99,1508.3,Yes,1,25-48,4
C00539,Female,0,Yes,Yes,41,Yes,No,No internet service,No internet service,No internet service,No internet service,No internet service,No internet service,No internet service,Month-to-month,Yes,Credit card,31.85,1247.32,Yes,1,25-48,4
C00540,Male,0,No,No,19,Yes,No,DSL,No,No,No,No,No,Yes,Month-to-month,Yes,Bank transfer,40.1,783.34,No,0,13-24,3
C00541,Male,0,Yes,Yes,38,Yes,No,Fiber optic,No,No,No,Yes,Yes,Yes,Month-to-month,Yes,Credit card,51.57,1949.33,Yes,1,25-48,4
C00542,Female,1,No,Yes,21,Yes,No,DSL,No,No,No,No,No,Yes,Two year,No,Electronic check,46.91,909.45,No,0,13-24,3
C00543,Male,0,No,No,45,Yes,No,Fiber optic,No,No,Yes,No,Yes,No,Month-to-month,Yes,Bank transfer,60.14,2917.13,No,0,25-48,4
C00544,Male,0,Yes,No,21,Yes,Yes,Fiber optic,Yes,No,No,Yes,No,No,One year,Yes,Bank transfer,59.9,1262.56,No,0,13-24,3
C00545,Male,0,Yes,No,31,Yes,No phone service,No internet service,No internet service,No internet service,No internet service,No internet service,No internet service,No internet service,Month-to-month,No,Credit card,28.02,819.05,No,0,25-48,4
C00546,Female,0,No,No,58,Yes,No,Fiber optic,Yes,Yes,No,No,No,No,One year,Yes,Bank transfer,60.69,3546.5,No,0,49-72,5
C00547,Male,0,No,Yes,61,Yes,No,Fiber optic,No,Yes,Yes,No,Yes,No,Month-to-month,Yes,Bank transfer,59.95,3542.8,Yes,1,49-72,5
C00548,Male,0,Yes,Yes,33,Yes,No,No internet service,No internet service,No internet service,No internet service,No internet service,No internet service,No internet service,Month-to-month,Yes,Bank transfer,21.16,681.07,Yes,1,25-48,4
C00549,Male,0,Yes,No,34,Yes,Yes,DSL,No,No,No,No,Yes,No,Two year,Yes,Credit card,37.31,1351.74,No,0,25-48,4
C00550,Male,0,No,No,34,Yes,No,DSL,No,Yes,No,No,No,No,One year,Yes,Electronic check,38.43,1273.73,No,0,25-48,4
C00551,Female,1,No,No,14,Yes,No,Fiber optic,No,No,No,Yes,No,No,One year,No,Electronic check,57.29,815.96,No,0,13-24,3
C00552,Female,0,No,Yes,10,Yes,No,Fiber optic,No,No,Yes,No,Yes,No,Month-to-month,No,Electronic check,58.96,582.56,No,0,7-12,2
C00553,Male,0,Yes,No,72,Yes,No,DSL,Yes,Yes,No,Yes,No,Yes,Month-to-month,No,Mailed check,32.54,2510.41,Yes,1,49-72,5
C00554,Female,0,No,Yes,28,Yes,Yes,Fiber optic,Yes,Yes,No,Yes,No,No,Month-to-month,Yes,Mailed check,58.55,1598.71,No,0,25-48,4
C00555,Male,1,Yes,Yes,10,Yes,Yes,Fiber optic,No,No,Yes,Yes,No,Yes,Month-to-month,Yes,Electronic check,54.49,513.95,Yes,1,7-12,2
C00556,Female,1,No,Yes,61,Yes,No,DSL,No,No,No,No,No,No,Month-to-month,No,Electronic check,38.28,2332.65,Yes,1,49-72,5
C00557,Male,0,No,Yes,9,Yes,Yes,Fiber optic,Yes,No,No,Yes,Yes,No,One year,No,Mailed check,49.3,413.3,Yes,1,7-12,2
C00558,Female,0,Yes,No,35,Yes,Yes,DSL,No,Yes,Yes,No,No,Yes,Month-to-month,Yes,Electronic check,41.31,1385.17,Yes,1,25-48,4
C00559,Female,0,Yes,No,6,Yes,Yes,Fiber optic,No,No,Yes,Yes,Yes,Yes,Month-to-month,Yes,Mailed check,55.8,327.15,Yes,1,0-6,1
C00560,Male,0,Yes,No,8,Yes,No phone service,No internet service,No internet service,No internet service,No internet service,No internet service,No internet service,No internet service,One year,Yes,Electronic check,24.78,187.51,Yes,1,7-12,2
C00561,Male,0,Yes,No,35,Yes,No phone service,No internet service,No internet service,No internet service,No internet service,No internet service,No internet service,No internet service,Month-to-month,No,Mailed check,20.49,722.69,Yes,1,25-48,4
C00562,Female,1,No,No,7,Yes,No,DSL,No,Yes,No,No,No,Yes,One year,No,Electronic check,34.22,232.44,No,0,7-12,2
C00563,Male,0,No,Yes,36,Yes,No,DSL,No,Yes,Yes,No,No,No,Month-to-month,No,Bank transfer,44.0,1686.69,Yes,1,25-48,4
C00564,Male,0,No,No,22,Yes,No,Fiber optic,No,No,No,Yes,No,No,Month-to-month,Yes,Electronic check,61.99,1323.05,Yes,1,13-24,3
C00565,Female,0,No,No,3,Yes,No,Fiber optic,Yes,Yes,No,No,Yes,No,Two year,Yes,Credit card,60.8,194.79,Yes,1,0-6,1
C00566,Male,0,No,No,28,Yes,No,DSL,No,Yes,No,Yes,No,No,Month-to-month,Yes,Electronic check,34.2,983.5,Yes,1,25-48,4
C00567,Female,0,No,No,65,Yes,Yes,Fiber optic,No,No,No,No,No,Yes,One year,No,Bank transfer,58.72,3752.75,No,0,49-72,5
C00568,Female,0,No,No,17,Yes,No,DSL,Yes,No,Yes,No,No,Yes,One year,Yes,Electronic check,30.18,536.8,No,0,13-24,3
C00569,Male,0,No,No,34,No,No phone service,Fiber optic,No,Yes,No,No,No,Yes,Month-to-month,No,Bank transfer,51.73,1736.21,Yes,1,25-48,4
C00570,Male,0,No,No,21,Yes,Yes,Fiber optic,No,No,Yes,No,No,Yes,One year,No,Mailed check,56.97,1186.93,No,0,13-24,3
C00571,Female,0,Yes,Yes,13,Yes,No,Fiber optic,Yes,No,No,No,No,No,Month-to-month,No,Credit card,55.83,730.35,Yes,1,13-24,3
C00572,Female,0,Yes,No,54,Yes,No,Fiber optic,No,No,No,No,No,Yes,One year,Yes,Mailed check,57.75,2962.05,Yes,1,49-72,5
C00573,Male,0,Yes,Yes,72,Yes,No,Fiber optic,Yes,No,No,No,Yes,No,One year,Yes,Electronic check,59.46,4140.73,No,0,49-72,5
C00574,Female,0,No,Yes,36,Yes,Yes,Fiber optic,Yes,No,No,Yes,No,No,Month-to-month,Yes,Bank transfer,64.43,2404.05,Yes,1,25-48,4
C00575,Male,0,Yes,No,52,Yes,No,DSL,No,No,Yes,Yes,No,Yes,Month-to-month,Yes,Mailed check,38.03,2062.31,Yes,1,49-72,5
C00576,Female,0,Yes,Yes,13,Yes,No,Fiber optic,No,No,Yes,No,Yes,Yes,Month-to-month,No,Electronic check,57.78,786.98,Yes,1,13-24,3
C00577,Female,0,No,No,19,Yes,No,DSL,No,No,No,Yes,No,No,Month-to-month,Yes,Electronic check,40.97,815.6,No,0,13-24,3
C00578,Male,0,Yes,No,16,Yes,No,Fiber optic,No,No,Yes,Yes,Yes,No,Month-to-month,Yes,Electronic check,61.46,907.9,No,0,13-24,3
C00579,Male,0,No,Yes,25,Yes,No,Fiber optic,No,No,No,Yes,No,No,Two year,Yes,Credit card,58.17,1345.7,No,0,25-48,4
C00580,Female,0,Yes,Yes,37,Yes,Yes,DSL,No,Yes,No,Yes,Yes,No,One year,Yes,Credit card,40.86,1491.42,No,0,25-48,4
C00581,Female,0,Yes,No,26,Yes,Yes,DSL,Yes,No,No,Yes,Yes,No,Two year,No,Bank transfer,43.32,1117.48,No,0,25-48,4
C00582,Male,0,Yes,No,14,Yes,Yes,DSL,No,No,No,No,No,No,One year,No,Electronic check,37.53,504.31,No,0,13-24,3
C00583,Male,0,Yes,Yes,68,Yes,No,DSL,Yes,Yes,No,No,No,Yes,Month-to-month,No,Credit card,33.88,2486.55,No,0,49-72,5
C00584,Female,0,Yes,No,57,No,No phone service,DSL,No,No,Yes,No,No,No,Month-to-month,No,Bank transfer,30.39,1842.76,Yes,1,49-72,5
C00585,Female,0,No,No,5,Yes,No,Fiber optic,No,No,Yes,No,Yes,No,One year,Yes,Bank transfer,64.77,303.34,Yes,1,0-6,1
C00586,Male,0,Yes,No,40,Yes,Yes,Fiber optic,No,No,No,Yes,No,Yes,Two year,Yes,Credit card,63.75,2687.04,No,0,25-48,4
C00587,Male,1,No,Yes,31,Yes,No phone service,No internet service,No internet service,No internet service,No internet service,No internet service,No internet service,No internet service,Month-to-month,Yes,Mailed check,35.25,1041.18,Yes,1,25-48,4
C00588,Male,0,No,No,70,Yes,No,Fiber optic,No,Yes,No,No,No,No,Month-to-month,No,Electronic check,63.79,4152.1,Yes,1,49-72,5
C00589,Male,0,No,No,17,Yes,No,Fiber optic,Yes,No,Yes,No,Yes,No,Month-to-month,No,Electronic check,65.87,1131.89,No,0,13-24,3
C00590,Female,1,No,No,12,Yes,No,No internet service,No internet service,No internet service,No internet service,No internet service,No internet service,No internet service,Two year,Yes,Credit card,29.73,329.02,Yes,1,7-12,2
C00591,Female,0,Yes,No,12,Yes,Yes,Fiber optic,Yes,No,No,No,No,Yes,Two year,No,Mailed check,57.17,692.26,No,0,7-12,2
C00592,Female,1,No,No,66,Yes,Yes,DSL,No,No,No,Yes,No,No,One year,Yes,Electronic check,32.95,2060.53,No,0,49-72,5
C00593,Male,0,Yes,No,34,Yes,Yes,Fiber optic,Yes,No,No,Yes,No,Yes,One year,Yes,Bank transfer,68.1,2306.61,No,0,25-48,4
C00594,Male,0,Yes,No,5,Yes,No,Fiber optic,No,Yes,No,Yes,No,No,Two year,Yes,Bank transfer,68.27,357.75,Yes,1,0-6,1
C00595,Female,0,Yes,Yes,36,Yes,No,DSL,No,Yes,No,No,No,Yes,One year,No,Electronic check,43.26,1440.37,No,0,25-48,4
C00596,Male,0,Yes,No,8,Yes,No,Fiber optic,No,No,Yes,No,Yes,Yes,One year,Yes,Bank transfer,62.52,525.52,No,0,7-12,2
C00597,Female,0,Yes,Yes,55,Yes,No phone service,No internet service,No internet service,No internet service,No internet service,No internet service,No internet service,No internet service,Month-to-month,Yes,Mailed check,26.37,1565.97,No,0,49-72,5
C00598,Male,0,Yes,No,18,Yes,No,Fiber optic,No,No,No,Yes,Yes,No,Month-to-month,No,Electronic check,62.68,1192.64,No,0,13-24,3
C00599,Male,1,Yes,No,7,Yes,Yes,Fiber optic,No,Yes,No,Yes,Yes,No,Month-to-month,Yes,Credit card,60.86,453.05,No,0,7-12,2
C00600,Male,0,Yes,No,72,Yes,No phone service,No internet service,No internet service,No internet service,No internet service,No internet service,No internet service,No internet service,Two year,Yes,Bank transfer,30.11,2017.13,No,0,49-72,5
C00601,Female,0,Yes,No,34,No,No phone service,Fiber optic,No,Yes,No,No,No,No,Month-to-month,No,Electronic check,42.8,1462.89,Yes,1,25-48,4
C00602,Male,0,No,No,72,Yes,No,DSL,No,No,No,No,No,Yes,Two year,Yes,Mailed check,36.71,2484.8,No,0,49-72,5
C00603,Female,0,Yes,No,28,Yes,Yes,Fiber optic,No,No,No,No,No,Yes,Month-to-month,No,Bank transfer,63.77,1716.59,No,0,25-48,4
C00604,Male,0,No,Yes,38,Yes,No,No internet service,No internet service,No internet service,No internet service,No internet service,No internet service,No internet service,Two year,No,Electronic check,24.07,962.11,No,0,25-48,4
C00605,Male,1,No,No,16,Yes,No,Fiber optic,Yes,Yes,No,No,Yes,No,Month-to-month,Yes,Electronic check,62.99,1046.77,No,0,13-24,3
C00606,Female,1,No,No,45,Yes,Yes,Fiber optic,No,Yes,No,No,Yes,No,Month-to-month,Yes,Electronic check,68.04,3228.48,Yes,1,25-48,4
C00607,Female,1,No,No,26,Yes,No,No internet service,No internet service,No internet service,No internet service,No internet service,No internet service,No internet service,Month-to-month,Yes,Electronic check,26.16,639.31,Yes,1,25-48,4
C00608,Male,0,Yes,No,15,Yes,No,Fiber optic,No,Yes,Yes,Yes,Yes,No,Month-to-month,No,Electronic check,60.87,915.91,Yes,1,13-24,3
C00609,Male,1,Yes,No,22,No,No phone service,No internet service,No internet service,No internet service,No internet service,No internet service,No internet service,No internet service,Month-to-month,No,Credit card,20.41,462.78,Yes,1,13-24,3
C00610,Female,0,No,Yes,57,Yes,No,DSL,Yes,No,Yes,No,No,No,Month-to-month,Yes,Bank transfer,36.15,2113.12,No,0,49-72,5
C00611,Male,1,Yes,Yes,49,Yes,Yes,DSL,No,Yes,No,No,Yes,Yes,Month-to-month,Yes,Mailed check,35.61,1725.9,Yes,1,49-72,5
C00612,Male,0,Yes,No,9,Yes,No,DSL,No,Yes,Yes,No,No,Yes,Month-to-month,Yes,Mailed check,39.97,372.6,No,0,7-12,2
C00613,Male,1,No,No,23,Yes,No,Fiber optic,No,No,No,Yes,Yes,Yes,Month-to-month,No,Credit card,56.21,1286.96,No,0,13-24,3
C00614,Female,0,No,No,20,Yes,No,DSL,No,Yes,No,No,Yes,Yes,One year,Yes,Credit card,34.43,655.66,No,0,13-24,3
C00615,Female,0,Yes,Yes,6,Yes,No,DSL,No,Yes,No,No,Yes,No,One year,No,Mailed check,44.41,277.4,No,0,0-6,1
C00616,Female,0,Yes,Yes,72,Yes,Yes,DSL,No,No,No,No,No,Yes,Month-to-month,Yes,Electronic check,35.78,2563.11,No,0,49-72,5
C00617,Male,0,No,Yes,28,Yes,No,DSL,Yes,No,Yes,Yes,No,Yes,Month-to-month,Yes,Credit card,48.46,1259.68,Yes,1,25-48,4
C00618,Male,0,No,Yes,28,Yes,Yes,Fiber optic,No,No,No,Yes,Yes,No,Month-to-month,Yes,Electronic check,60.86,1706.99,Yes,1,25-48,4
C00619,Male,0,Yes,No,72,Yes,Yes,Fiber optic,No,No,No,Yes,No,No,Two year,Yes,Bank transfer,61.5,4206.07,No,0,49-72,5
C00620,Female,1,No,No,55,Yes,No,Fiber optic,No,No,No,No,No,Yes,Month-to-month,Yes,Electronic check,63.84,3439.29,Yes,1,49-72,5
C00621,Male,0,No,No,54,Yes,No,Fiber optic,Yes,Yes,No,Yes,No,Yes,Month-to-month,Yes,Credit card,56.73,2838.38,No,0,49-72,5
C00622,Female,0,No,No,3,Yes,No,Fiber optic,No,No,Yes,Yes,No,No,Month-to-month,Yes,Mailed check,60.59,181.46,Yes,1,0-6,1
C00623,Female,0,No,No,2,Yes,Yes,DSL,Yes,No,Yes,No,No,Yes,Two year,Yes,Electronic check,40.6,81.56,Yes,1,0-6,1
C00624,Female,0,No,No,11,Yes,No phone service,No internet service,No internet service,No internet service,No internet service,No internet service,No internet service,No internet service,Two year,Yes,Electronic check,30.22,327.89,No,0,7-12,2
C00625,Male,0,No,Yes,35,Yes,Yes,Fiber optic,Yes,No,No,Yes,No,Yes,One year,Yes,Bank transfer,58.02,2190.52,No,0,25-48,4
C00626,Female,0,Yes,No,25,Yes,No,No internet service,No internet service,No internet service,No internet service,No internet service,No internet service,No internet service,Month-to-month,No,Bank transfer,18.23,467.02,Yes,1,25-48,4
C00627,Male,0,Yes,No,2,Yes,No,Fiber optic,No,Yes,No,No,No,No,Two year,Yes,Mailed check,60.34,126.29,No,0,0-6,1
C00628,Female,0,Yes,No,38,No,No phone service,DSL,No,No,Yes,Yes,No,No,Month-to-month,Yes,Credit card,33.61,1284.05,No,0,25-48,4
C00629,Male,0,Yes,No,72,Yes,Yes,Fiber optic,Yes,No,No,Yes,No,Yes,Month-to-month,Yes,Mailed check,67.4,4836.43,No,0,49-72,5
C00630,Female,0,Yes,No,29,Yes,No,Fiber optic,No,No,Yes,Yes,Yes,Yes,Month-to-month,No,Electronic check,55.93,1611.69,Yes,1,25-48,4
C00631,Male,0,Yes,Yes,72,Yes,Yes,Fiber optic,Yes,Yes,No,Yes,Yes,No,Month-to-month,No,Mailed check,67.35,4918.24,No,0,49-72,5
C00632,Male,1,Yes,No,68,No,No phone service,DSL,Yes,Yes,No,Yes,Yes,Yes,Two year,Yes,Electronic check,33.73,2219.71,No,0,49-72,5
C00633,Male,1,No,No,34,Yes,Yes,DSL,Yes,No,No,No,No,No,One year,Yes,Credit card,44.79,1579.72,No,0,25-48,4
C00634,Female,0,Yes,No,12,No,No phone service,Fiber optic,No,No,No,Yes,No,No,Month-to-month,Yes,Mailed check,53.85,627.29,Yes,1,7-12,2
C00635,Female,0,Yes,No,5,Yes,No,Fiber optic,No,No,Yes,No,No,No,Month-to-month,Yes,Mailed check,62.89,307.71,Yes,1,0-6,1
C00636,Male,0,No,No,8,Yes,No,Fiber optic,No,No,Yes,Yes,No,Yes,One year,Yes,Bank transfer,62.67,539.87,No,0,7-12,2
C00637,Male,0,Yes,No,11,Yes,Yes,Fiber optic,Yes,No,No,No,Yes,No,Two year,No,Credit card,61.1,691.0,No,0,7-12,2
C00638,Female,0,Yes,Yes,8,Yes,Yes,DSL,Yes,No,No,No,Yes,Yes,One year,No,Mailed check,40.95,353.29,Yes,1,7-12,2
C00639,Female,0,Yes,Yes,32,Yes,No,No internet service,No internet service,No internet service,No internet service,No internet service,No internet service,No internet service,Month-to-month,No,Mailed check,25.73,762.39,No,0,25-48,4
C00640,Male,0,No,No,27,Yes,No,Fiber optic,Yes,No,No,Yes,No,No,One year,Yes,Electronic check,73.13,2084.66,No,0,25-48,4
C00641,Male,1,No,No,50,Yes,No,Fiber optic,No,Yes,Yes,No,Yes,Yes,Month-to-month,Yes,Credit card,63.56,3325.77,No,0,49-72,5
C00642,Female,0,No,No,32,Yes,No,Fiber optic,Yes,Yes,Yes,No,Yes,Yes,Month-to-month,Yes,Mailed check,63.16,2067.61,Yes,1,25-48,4
C00643,Female,0,Yes,Yes,11,Yes,Yes,Fiber optic,Yes,No,No,No,No,Yes,Month-to-month,Yes,Bank transfer,59.4,703.38,Yes,1,7-12,2
C00644,Male,0,Yes,No,35,Yes,No,Fiber optic,No,No,No,Yes,No,No,Month-to-month,Yes,Electronic check,58.61,2211.06,Yes,1,25-48,4
C00645,Female,0,Yes,Yes,56,Yes,No,Fiber optic,Yes,No,No,Yes,Yes,No,Two year,Yes,Electronic check,64.98,3914.42,Yes,1,49-72,5
C00646,Female,0,Yes,No,13,Yes,No phone service,No internet service,No internet service,No internet service,No internet service,No internet service,No internet service,No internet service,One year,Yes,Bank transfer,24.69,302.28,No,0,13-24,3
C00647,Female,0,No,Yes,52,Yes,No,No internet service,No internet service,No internet service,No internet service,No internet service,No internet service,No internet service,Month-to-month,No,Bank transfer,25.2,1394.18,No,0,49-72,5
C00648,Female,0,Yes,No,11,Yes,No phone service,No internet service,No internet service,No internet service,No internet service,No internet service,No internet service,No internet service,Month-to-month,Yes,Bank transfer,25.31,268.3,Yes,1,7-12,2
C00649,Female,0,No,Yes,32,Yes,No,No internet service,No internet service,No internet service,No internet service,No internet service,No internet service,No internet service,Month-to-month,Yes,Mailed check,33.16,1093.34,Yes,1,25-48,4
C00650,Female,0,Yes,No,27,Yes,No,No internet service,No internet service,No internet service,No internet service,No internet service,No internet service,No internet service,Two year,No,Mailed check,21.43,557.59,No,0,25-48,4
C00651,Female,0,No,Yes,33,Yes,Yes,Fiber optic,No,No,Yes,No,No,Yes,Two year,No,Electronic check,56.17,1943.37,Yes,1,25-48,4
C00652,Female,0,Yes,No,61,Yes,No,No internet service,No internet service,No internet service,No internet service,No internet service,No internet service,No internet service,Month-to-month,No,Electronic check,21.9,1351.78,No,0,49-72,5
C00653,Male,0,Yes,Yes,72,Yes,No,Fiber optic,Yes,Yes,Yes,No,No,No,Month-to-month,Yes,Mailed check,62.8,4455.42,Yes,1,49-72,5
C00654,Male,0,No,Yes,22,Yes,No,Fiber optic,No,No,Yes,Yes,No,No,Month-to-month,No,Electronic check,57.33,1167.41,No,0,13-24,3
C00655,Male,1,Yes,No,1,Yes,No,Fiber optic,No,Yes,No,Yes,Yes,No,Month-to-month,Yes,Credit card,64.21,68.06,Yes,1,0-6,1
C00656,Male,0,No,No,8,Yes,No,Fiber optic,Yes,No,Yes,Yes,No,No,Month-to-month,No,Electronic check,63.19,534.36,Yes,1,7-12,2
C00657,Female,0,No,No,19,Yes,Yes,Fiber optic,No,No,Yes,No,No,No,Month-to-month,No,Bank transfer,59.23,1155.73,Yes,1,13-24,3
C00658,Male,0,Yes,Yes,38,Yes,No,DSL,No,Yes,No,No,Yes,No,Two year,Yes,Credit card,45.51,1685.75,No,0,25-48,4
C00659,Female,1,Yes,Yes,33,No,No phone service,Fiber optic,Yes,No,No,No,Yes,No,Month-to-month,Yes,Mailed check,56.79,1907.62,Yes,1,25-48,4
C00660,Female,0,No,No,72,Yes,No phone service,No internet service,No internet service,No internet service,No internet service,No internet service,No internet service,No internet service,One year,No,Mailed check,26.22,1781.7,No,0,49-72,5
C00661,Male,0,No,No,11,Yes,No phone service,No internet service,No internet service,No internet service,No internet service,No internet service,No internet service,No internet service,Month-to-month,No,Mailed check,20.3,234.17,Yes,1,7-12,2
C00662,Female,0,Yes,No,16,Yes,No,No internet service,No internet service,No internet service,No internet service,No internet service,No internet service,No internet service,One year,Yes,Electronic check,34.29,525.52,No,0,13-24,3
C00663,Female,0,Yes,Yes,10,Yes,No,No internet service,No internet service,No internet service,No internet service,No internet service,No internet service,No internet service,Month-to-month,No,Bank transfer,26.34,251.15,Yes,1,7-12,2
C00664,Male,0,Yes,No,47,Yes,No,DSL,No,Yes,No,No,No,No,Two year,Yes,Electronic check,32.83,1571.93,Yes,1,25-48,4
C00665,Male,0,Yes,No,34,Yes,No,Fiber optic,No,No,Yes,No,Yes,Yes,Month-to-month,No,Electronic check,45.28,1643.99,Yes,1,25-48,4
C00666,Male,0,No,No,17,No,No phone service,No internet service,No internet service,No internet service,No internet service,No internet service,No internet service,No internet service,Month-to-month,No,Electronic check,18.0,306.18,Yes,1,13-24,3
C00667,Female,0,No,Yes,31,Yes,No phone service,No internet service,No internet service,No internet service,No internet service,No internet service,No internet service,No internet service,Month-to-month,No,Mailed check,21.28,629.53,No,0,25-48,4
C00668,Female,0,Yes,No,26,Yes,No,DSL,No,Yes,Yes,Yes,Yes,Yes,One year,Yes,Bank transfer,38.35,929.3,Yes,1,25-48,4
C00669,Female,0,Yes,No,41,Yes,No phone service,No internet service,No internet service,No internet service,No internet service,No internet service,No internet service,No internet service,One year,Yes,Bank transfer,38.6,1688.01,No,0,25-48,4
C00670,Male,0,Yes,Yes,14,Yes,No,DSL,No,No,Yes,No,No,No,Month-to-month,Yes,Bank transfer,37.49,540.36,Yes,1,13-24,3
C00671,Female,0,Yes,No,64,Yes,No,DSL,Yes,No,No,No,Yes,Yes,Month-to-month,No,Electronic check,41.99,2553.01,No,0,49-72,5
C00672,Female,0,Yes,No,17,Yes,Yes,DSL,Yes,No,No,Yes,No,No,Two year,No,Electronic check,34.75,587.22,No,0,13-24,3
C00673,Male,0,Yes,Yes,17,Yes,No,No internet service,No internet service,No internet service,No internet service,No internet service,No internet service,No internet service,Month-to-month,Yes,Electronic check,27.47,468.3,Yes,1,13-24,3
C00674,Female,0,No,Yes,45,Yes,Yes,DSL,No,No,Yes,No,Yes,No,Month-to-month,No,Credit card,43.4,1953.19,Yes,1,25-48,4
C00675,Male,0,No,No,33,Yes,Yes,DSL,No,No,No,Yes,No,No,Month-to-month,No,Credit card,40.88,1329.89,Yes,1,25-48,4
C00676,Male,0,No,No,37,Yes,No,Fiber optic,No,Yes,No,Yes,Yes,Yes,Two year,No,Bank transfer,66.55,2383.31,No,0,25-48,4
C00677,Male,0,No,Yes,21,Yes,Yes,Fiber optic,Yes,No,Yes,Yes,No,Yes,Two year,Yes,Electronic check,61.77,1218.92,No,0,13-24,3
C00678,Male,0,Yes,Yes,33,Yes,Yes,Fiber optic,Yes,Yes,Yes,Yes,No,No,Month-to-month,Yes,Electronic check,59.39,1897.61,Yes,1,25-48,4
C00679,Female,1,No,No,22,Yes,Yes,Fiber optic,Yes,Yes,No,No,No,Yes,Month-to-month,Yes,Mailed check,49.8,1149.17,Yes,1,13-24,3
C00680,Female,0,No,Yes,48,Yes,No,Fiber optic,Yes,No,No,Yes,Yes,No,Month-to-month,Yes,Electronic check,59.65,2761.82,No,0,25-48,4
C00681,Male,0,No,Yes,33,Yes,No,Fiber optic,No,No,No,No,Yes,Yes,One year,Yes,Bank transfer,54.85,1750.21,No,0,25-48,4
C00682,Female,0,Yes,Yes,39,Yes,Yes,DSL,Yes,No,No,No,No,Yes,Two year,No,Bank transfer,46.92,1854.61,No,0,25-48,4
C00683,Female,0,No,No,18,Yes,No,DSL,Yes,No,No,No,Yes,Yes,Month-to-month,Yes,Bank transfer,52.29,888.47,Yes,1,13-24,3
C00684,Female,0,No,No,12,Yes,Yes,Fiber optic,No,No,Yes,No,No,Yes,Month-to-month,Yes,Mailed check,53.51,662.16,No,0,7-12,2
C00685,Female,0,Yes,No,21,Yes,No,Fiber optic,No,Yes,No,No,No,Yes,Month-to-month,No,Mailed check,59.81,1294.59,Yes,1,13-24,3
C00686,Male,0,No,No,28,Yes,No,DSL,No,Yes,No,Yes,No,No,Month-to-month,No,Mailed check,44.14,1194.1,No,0,25-48,4
C00687,Female,0,Yes,No,8,Yes,No,DSL,No,Yes,Yes,No,Yes,Yes,Month-to-month,Yes,Electronic check,47.91,394.47,Yes,1,7-12,2
C00688,Male,0,No,No,26,Yes,No,DSL,Yes,No,No,No,No,No,Month-to-month,No,Bank transfer,33.6,917.62,No,0,25-48,4
C00689,Female,0,Yes,No,28,Yes,Yes,DSL,Yes,No,No,No,Yes,No,Month-to-month,Yes,Electronic check,37.93,1057.69,Yes,1,25-48,4
C00690,Male,0,No,Yes,17,Yes,Yes,Fiber optic,No,No,No,Yes,No,Yes,Month-to-month,Yes,Bank transfer,60.67,1052.81,Yes,1,13-24,3
C00691,Male,0,Yes,Yes,31,Yes,Yes,Fiber optic,No,No,Yes,No,Yes,Yes,Two year,No,Mailed check,70.4,2228.38,No,0,25-48,4
C00692,Male,1,Yes,No,16,Yes,No,DSL,No,Yes,Yes,Yes,Yes,No,Two year,Yes,Credit card,35.07,588.11,No,0,13-24,3
C00693,Male,0,No,No,63,No,No phone service,DSL,Yes,No,No,No,No,No,Month-to-month,Yes,Electronic check,23.42,1413.59,Yes,1,49-72,5
C00694,Male,0,Yes,Yes,15,Yes,No,Fiber optic,Yes,Yes,No,No,No,Yes,Month-to-month,Yes,Electronic check,55.91,867.45,Yes,1,13-24,3
C00695,Female,0,Yes,No,6,Yes,No,DSL,No,No,Yes,No,Yes,Yes,Month-to-month,No,Mailed check,37.78,221.98,Yes,1,0-6,1
C00696,Male,0,No,No,28,Yes,No,Fiber optic,No,No,Yes,No,No,No,Month-to-month,No,Mailed check,59.99,1779.91,No,0,25-48,4
C00697,Male,0,Yes,No,7,Yes,Yes,Fiber optic,No,Yes,No,Yes,No,Yes,Month-to-month,Yes,Electronic check,58.35,435.29,Yes,1,7-12,2
C00698,Male,1,Yes,Yes,39,Yes,No,No internet service,No internet service,No internet service,No internet service,No internet service,No internet service,No internet service,Two year,Yes,Credit card,26.43,979.59,Yes,1,25-48,4
C00699,Female,1,No,Yes,10,Yes,No,Fiber optic,Yes,No,No,No,No,No,Two year,Yes,Electronic check,54.24,550.69,Yes,1,7-12,2
C00700,Male,0,No,Yes,41,Yes,No phone service,No internet service,No internet service,No internet service,No internet service,No internet service,No internet service,No internet service,Two year,Yes,Bank transfer,20.51,862.83,Yes,1,25-48,4
C00701,Female,1,No,No,38,Yes,Yes,DSL,No,No,Yes,No,Yes,No,One year,No,Mailed check,39.13,1534.97,Yes,1,25-48,4
C00702,Male,0,No,No,7,Yes,No phone service,No internet service,No internet service,No internet service,No internet service,No internet service,No internet service,No internet service,Month-to-month,No,Electronic check,21.83,147.71,Yes,1,7-12,2
C00703,Female,0,Yes,No,34,Yes,No,DSL,Yes,No,No,No,Yes,No,Month-to-month,Yes,Mailed check,27.59,994.96,No,0,25-48,4
C00704,Male,0,Yes,Yes,61,Yes,No phone service,No internet service,No internet service,No internet service,No internet service,No internet service,No internet service,No internet service,Month-to-month,Yes,Credit card,21.19,1194.46,No,0,49-72,5
C00705,Male,1,Yes,Yes,35,Yes,No,Fiber optic,No,Yes,No,No,Yes,No,One year,No,Mailed check,66.98,2492.73,No,0,25-48,4
C00706,Female,0,No,No,53,Yes,Yes,DSL,Yes,Yes,No,No,No,Yes,Month-to-month,No,Mailed check,42.14,2196.95,No,0,49-72,5
C00707,Male,0,Yes,No,60,Yes,No,Fiber optic,No,No,Yes,No,No,Yes,Two year,No,Credit card,68.48,3928.36,No,0,49-72,5
C00708,Female,1,No,No,40,Yes,No,DSL,No,No,No,Yes,Yes,Yes,One year,Yes,Electronic check,34.66,1397.41,Yes,1,25-48,4
C00709,Male,1,Yes,No,36,Yes,Yes,Fiber optic,Yes,No,No,Yes,Yes,No,One year,Yes,Credit card,59.68,2293.52,No,0,25-48,4
C00710,Female,0,No,No,35,Yes,No,Fiber optic,No,No,Yes,No,No,No,Month-to-month,Yes,Bank transfer,65.22,2225.59,Yes,1,25-48,4
C00711,Female,0,No,No,57,Yes,No,Fiber optic,Yes,Yes,No,Yes,No,No,One year,No,Bank transfer,61.4,3415.8,Yes,1,49-72,5
C00712,Female,0,Yes,No,42,Yes,No,DSL,No,No,No,Yes,No,Yes,Month-to-month,No,Mailed check,35.56,1472.87,Yes,1,25-48,4
C00713,Male,0,No,No,21,Yes,Yes,DSL,No,Yes,Yes,Yes,No,Yes,Month-to-month,No,Mailed check,37.11,759.82,No,0,13-24,3
C00714,Female,0,Yes,Yes,17,Yes,No,DSL,Yes,No,No,No,Yes,No,Month-to-month,Yes,Credit card,40.81,733.93,Yes,1,13-24,3
C00715,Female,1,No,No,5,Yes,No phone service,No internet service,No internet service,No internet service,No internet service,No internet service,No internet service,No internet service,Month-to-month,No,Credit card,18.81,89.0,Yes,1,0-6,1
C00716,Female,0,Yes,No,48,Yes,Yes,Fiber optic,No,Yes,Yes,Yes,No,Yes,One year,Yes,Electronic check,60.67,3115.33,No,0,25-48,4
C00717,Female,0,No,Yes,21,Yes,Yes,DSL,No,Yes,No,No,Yes,No,Month-to-month,No,Credit card,38.25,819.01,Yes,1,13-24,3
C00718,Male,0,No,No,37,Yes,No,No internet service,No internet service,No internet service,No internet service,No internet service,No internet service,No internet service,One year,No,Credit card,18.05,637.27,No,0,25-48,4
C00719,Female,0,No,No,47,Yes,No phone service,No internet service,No internet service,No internet service,No internet service,No internet service,No internet service,No internet service,Month-to-month,Yes,Credit card,18.94,943.52,Yes,1,25-48,4
C00720,Female,1,Yes,No,12,Yes,Yes,Fiber optic,Yes,No,No,No,No,No,One year,No,Credit card,55.05,667.25,No,0,7-12,2
C00721,Female,0,No,No,11,Yes,No,Fiber optic,No,Yes,No,Yes,No,Yes,Month-to-month,Yes,Mailed check,47.88,559.91,Yes,1,7-12,2
C00722,Male,1,Yes,No,59,Yes,Yes,Fiber optic,No,No,No,Yes,Yes,No,One year,Yes,Mailed check,67.26,3653.24,No,0,49-72,5
C00723,Female,0,Yes,Yes,14,Yes,No,DSL,No,Yes,No,No,Yes,Yes,One year,No,Bank transfer,32.38,426.17,No,0,13-24,3
C00724,Female,0,No,Yes,3,Yes,No,Fiber optic,Yes,Yes,Yes,No,No,No,Month-to-month,Yes,Bank transfer,65.52,203.37,No,0,0-6,1
C00725,Male,1,Yes,No,31,Yes,No,Fiber optic,Yes,No,Yes,Yes,No,No,One year,No,Electronic check,57.35,1636.84,No,0,25-48,4
C00726,Male,0,No,Yes,29,Yes,No,No internet service,No internet service,No internet service,No internet service,No internet service,No internet service,No internet service,Month-to-month,Yes,Mailed check,20.76,559.11,Yes,1,25-48,4
C00727,Male,0,Yes,Yes,35,Yes,No,Fiber optic,Yes,No,Yes,No,Yes,No,One year,No,Electronic check,65.45,2357.31,No,0,25-48,4
C00728,Male,0,No,Yes,72,Yes,No,Fiber optic,No,Yes,No,No,No,No,Month-to-month,Yes,Bank transfer,67.19,5033.75,Yes,1,49-72,5
C00729,Male,0,No,No,16,Yes,No,Fiber optic,No,No,Yes,Yes,No,No,Month-to-month,No,Mailed check,57.81,853.88,No,0,13-24,3
C00730,Male,1,No,No,12,Yes,No,Fiber optic,Yes,No,Yes,No,Yes,No,Month-to-month,No,Mailed check,53.82,693.65,Yes,1,7-12,2
C00731,Male,0,No,No,27,Yes,No,DSL,Yes,Yes,No,No,No,No,Month-to-month,Yes,Bank transfer,36.74,932.09,Yes,1,25-48,4
C00732,Female,1,No,Yes,13,Yes,No,Fiber optic,Yes,No,No,No,No,Yes,One year,Yes,Mailed check,66.21,810.83,Yes,1,13-24,3
C00733,Male,0,No,No,20,Yes,Yes,Fiber optic,Yes,No,No,No,Yes,No,Month-to-month,No,Electronic check,64.04,1261.34,No,0,13-24,3
C00734,Female,0,No,No,72,Yes,No,No internet service,No internet service,No internet service,No internet service,No internet service,No internet service,No internet service,Two year,Yes,Electronic check,30.02,2036.49,No,0,49-72,5
C00735,Male,0,Yes,Yes,7,Yes,No,Fiber optic,No,No,No,Yes,Yes,No,Month-to-month,Yes,Mailed check,60.59,403.87,Yes,1,7-12,2
C00736,Male,0,No,No,33,Yes,No phone service,No internet service,No internet service,No internet service,No internet service,No internet service,No internet service,No internet service,Month-to-month,Yes,Mailed check,21.32,731.9,Yes,1,25-48,4
C00737,Female,0,Yes,Yes,21,Yes,No,DSL,No,Yes,No,No,Yes,No,One year,No,Bank transfer,40.31,858.03,No,0,13-24,3
C00738,Female,0,Yes,No,19,No,No phone service,Fiber optic,No,Yes,No,No,No,No,Two year,No,Bank transfer,44.59,903.73,No,0,13-24,3
C00739,Male,0,No,Yes,8,Yes,Yes,DSL,No,No,Yes,Yes,No,No,Month-to-month,Yes,Bank transfer,37.58,312.98,Yes,1,7-12,2
C00740,Male,0,Yes,No,16,Yes,No phone service,No internet service,No internet service,No internet service,No internet service,No internet service,No internet service,No internet service,One year,No,Mailed check,22.88,394.56,Yes,1,13-24,3
C00741,Female,1,Yes,No,31,Yes,No phone service,No internet service,No internet service,No internet service,No internet service,No internet service,No internet service,No internet service,One year,No,Bank transfer,22.51,709.92,No,0,25-48,4
C00742,Male,0,No,Yes,45,Yes,Yes,Fiber optic,Yes,No,Yes,No,No,No,Month-to-month,Yes,Credit card,58.84,2855.98,Yes,1,25-48,4
C00743,Male,1,Yes,Yes,67,Yes,No,Fiber optic,No,No,Yes,No,No,No,One year,No,Electronic check,57.67,3762.16,No,0,49-72,5
C00744,Female,0,No,No,36,Yes,No,Fiber optic,Yes,No,No,No,No,Yes,One year,No,Electronic check,62.14,2210.34,No,0,25-48,4
C00745,Male,0,Yes,No,30,Yes,Yes,Fiber optic,No,No,No,Yes,Yes,No,Two year,Yes,Electronic check,62.64,1851.2,Yes,1,25-48,4
C00746,Male,0,Yes,Yes,10,Yes,No,DSL,Yes,No,No,No,Yes,No,Month-to-month,Yes,Mailed check,36.9,348.12,No,0,7-12,2
C00747,Female,0,No,No,5,Yes,Yes,Fiber optic,No,No,Yes,No,No,No,Month-to-month,Yes,Electronic check,53.65,257.38,Yes,1,0-6,1
C00748,Female,0,No,Yes,46,Yes,No,No internet service,No internet service,No internet service,No internet service,No internet service,No internet service,No internet service,One year,Yes,Credit card,23.81,1056.2,Yes,1,25-48,4
C00749,Female,0,No,No,50,Yes,No,DSL,No,Yes,Yes,No,No,No,Two year,Yes,Bank transfer,42.63,2207.69,No,0,49-72,5
C00750,Male,0,No,Yes,36,Yes,No,No internet service,No internet service,No internet service,No internet service,No internet service,No internet service,No internet service,One year,Yes,Mailed check,24.62,907.73,No,0,25-48,4
C00751,Female,0,Yes,No,18,Yes,No,DSL,Yes,No,No,No,No,Yes,One year,Yes,Bank transfer,34.87,642.18,Yes,1,13-24,3
C00752,Female,0,Yes,Yes,24,Yes,No phone service,No internet service,No internet service,No internet service,No internet service,No internet service,No internet service,No internet service,Month-to-month,Yes,Mailed check,22.51,564.79,Yes,1,13-24,3
C00753,Female,1,No,Yes,72,Yes,No,No internet service,No internet service,No internet service,No internet service,No internet service,No internet service,No internet service,Two year,No,Bank transfer,27.62,2046.48,No,0,49-72,5
C00754,Male,0,Yes,No,70,Yes,No,Fiber optic,Yes,Yes,No,No,No,No,Month-to-month,No,Bank transfer,54.72,4004.09,Yes,1,49-72,5
C00755,Male,0,No,No,40,Yes,No,Fiber optic,No,No,No,No,Yes,No,Month-to-month,Yes,Electronic check,63.49,2714.4,Yes,1,25-48,4
C00756,Female,0,No,No,3,Yes,No,Fiber optic,No,No,No,Yes,Yes,Yes,Month-to-month,Yes,Credit card,57.23,166.53,Yes,1,0-6,1
C00757,Male,1,Yes,No,16,Yes,Yes,Fiber optic,Yes,No,Yes,No,Yes,No,Month-to-month,No,Mailed check,61.62,930.16,No,0,13-24,3
C00758,Female,0,Yes,No,36,Yes,No,DSL,No,Yes,Yes,No,Yes,Yes,Two year,No,Electronic check,42.54,1474.51,No,0,25-48,4
C00759,Female,0,Yes,No,51,Yes,Yes,DSL,No,No,Yes,Yes,No,No,Month-to-month,Yes,Credit card,40.4,2212.03,Yes,1,49-72,5
C00760,Female,0,Yes,No,69,Yes,Yes,Fiber optic,No,No,Yes,No,No,Yes,Two year,Yes,Electronic check,60.79,4484.75,No,0,49-72,5
C00761,Male,0,Yes,No,53,Yes,No phone service,No internet service,No internet service,No internet service,No internet service,No internet service,No internet service,No internet service,Month-to-month,Yes,Bank transfer,33.56,1762.43,Yes,1,49-72,5
C00762,Female,0,Yes,No,45,Yes,No phone service,No internet service,No internet service,No internet service,No internet service,No internet service,No internet service,No internet service,Month-to-month,Yes,Mailed check,20.83,1003.93,Yes,1,25-48,4
C00763,Male,0,No,No,46,Yes,No,DSL,Yes,Yes,No,No,No,No,Month-to-month,Yes,Bank transfer,28.34,1255.78,Yes,1,25-48,4
C00764,Female,0,No,Yes,14,Yes,Yes,Fiber optic,No,No,Yes,Yes,No,No,Month-to-month,Yes,Electronic check,69.14,1006.29,No,0,13-24,3
C00765,Male,0,Yes,No,36,No,No phone service,DSL,Yes,Yes,No,No,No,No,Month-to-month,No,Mailed check,31.52,1055.48,Yes,1,25-48,4
C00766,Female,1,Yes,No,50,Yes,No,DSL,No,Yes,No,No,No,No,Month-to-month,Yes,Electronic check,43.66,2286.44,Yes,1,49-72,5
C00767,Male,1,Yes,No,26,Yes,Yes,Fiber optic,No,Yes,No,Yes,No,Yes,Two year,No,Electronic check,55.07,1364.86,Yes,1,25-48,4
C00768,Male,0,Yes,Yes,34,Yes,No,DSL,No,Yes,No,Yes,No,No,Two year,Yes,Bank transfer,33.87,1059.51,No,0,25-48,4
C00769,Male,0,No,No,20,Yes,Yes,DSL,No,No,Yes,Yes,No,No,One year,No,Credit card,35.49,699.82,Yes,1,13-24,3
C00770,Female,0,Yes,No,72,Yes,No,DSL,Yes,Yes,No,No,Yes,Yes,Month-to-month,Yes,Electronic check,47.07,3253.75,Yes,1,49-72,5
C00771,Male,1,Yes,Yes,26,Yes,No phone service,No internet service,No internet service,No internet service,No internet service,No internet service,No internet service,No internet service,Month-to-month,Yes,Electronic check,26.38,643.38,No,0,25-48,4
C00772,Male,0,No,No,21,Yes,No,No internet service,No internet service,No internet service,No internet service,No internet service,No internet service,No internet service,One year,No,Electronic check,30.96,659.68,No,0,13-24,3
C00773,Female,0,Yes,Yes,72,Yes,Yes,DSL,No,No,Yes,No,No,No,Two year,Yes,Bank transfer,31.74,2166.83,No,0,49-72,5
C00774,Male,0,Yes,Yes,7,Yes,No,No internet service,No internet service,No internet service,No internet service,No internet service,No internet service,No internet service,Month-to-month,No,Electronic check,22.8,164.03,No,0,7-12,2
C00775,Male,0,Yes,No,59,Yes,Yes,DSL,No,Yes,No,Yes,No,No,Month-to-month,Yes,Bank transfer,43.94,2600.26,No,0,49-72,5
C00776,Male,0,No,No,33,Yes,No,No internet service,No internet service,No internet service,No internet service,No internet service,No internet service,No internet service,Two year,No,Credit card,18.07,548.71,No,0,25-48,4
C00777,Male,0,No,No,63,Yes,Yes,Fiber optic,Yes,No,No,No,Yes,No,One year,Yes,Mailed check,65.64,4447.34,No,0,49-72,5
C00778,Female,0,No,No,23,No,No phone service,No internet service,No internet service,No internet service,No internet service,No internet service,No internet service,No internet service,Month-to-month,Yes,Electronic check,22.71,495.26,No,0,13-24,3
C00779,Male,0,Yes,No,17,Yes,No,Fiber optic,No,No,No,Yes,Yes,No,Month-to-month,Yes,Bank transfer,61.49,1117.15,Yes,1,13-24,3
C00780,Female,0,No,No,11,Yes,No,Fiber optic,Yes,Yes,No,Yes,No,No,Month-to-month,No,Bank transfer,56.31,585.33,No,0,7-12,2
C00781,Female,1,Yes,No,39,Yes,No,DSL,No,Yes,No,Yes,No,No,One year,Yes,Electronic check,31.35,1188.61,No,0,25-48,4
C00782,Male,0,Yes,No,6,Yes,No,No internet service,No internet service,No internet service,No internet service,No internet service,No internet service,No internet service,Month-to-month,No,Mailed check,32.48,191.28,Yes,1,0-6,1
C00783,Female,0,Yes,No,11,Yes,Yes,Fiber optic,No,Yes,No,No,Yes,Yes,Month-to-month,Yes,Electronic check,63.85,701.17,Yes,1,7-12,2
C00784,Male,0,Yes,No,41,Yes,Yes,Fiber optic,No,Yes,No,No,No,No,One year,Yes,Electronic check,55.68,2331.68,No,0,25-48,4
C00785,Female,0,No,No,70,Yes,No,No internet service,No internet service,No internet service,No internet service,No internet service,No internet service,No internet service,Month-to-month,No,Credit card,30.62,2279.65,No,0,49-72,5
C00786,Female,0,No,Yes,33,Yes,Yes,DSL,No,Yes,Yes,No,Yes,No,Month-to-month,Yes,Electronic check,33.59,1145.54,Yes,1,25-48,4
C00787,Male,0,No,No,18,Yes,No phone service,No internet service,No internet service,No internet service,No internet service,No internet service,No internet service,No internet service,One year,Yes,Credit card,33.08,589.77,No,0,13-24,3
C00788,Female,1,Yes,No,12,Yes,No,Fiber optic,No,No,Yes,No,Yes,Yes,One year,Yes,Mailed check,59.73,729.9,Yes,1,7-12,2
C00789,Male,0,Yes,No,35,Yes,No,Fiber optic,No,No,Yes,Yes,Yes,No,Month-to-month,Yes,Electronic check,63.95,2210.06,Yes,1,25-48,4
C00790,Female,1,No,No,11,Yes,No,No internet service,No internet service,No internet service,No internet service,No internet service,No internet service,No internet service,Month-to-month,Yes,Electronic check,26.37,299.88,Yes,1,7-12,2
C00791,Female,0,No,No,37,Yes,Yes,Fiber optic,Yes,Yes,No,Yes,No,No,Month-to-month,Yes,Credit card,61.06,2303.58,Yes,1,25-48,4
C00792,Female,1,No,No,20,Yes,Yes,Fiber optic,No,No,No,No,No,Yes,One year,Yes,Electronic check,61.37,1216.58,Yes,1,13-24,3
C00793,Male,0,Yes,No,43,Yes,Yes,Fiber optic,Yes,No,Yes,Yes,Yes,Yes,Two year,Yes,Electronic check,65.24,2640.71,No,0,25-48,4
C00794,Female,1,Yes,Yes,23,Yes,No,Fiber optic,No,Yes,No,Yes,No,Yes,Month-to-month,Yes,Electronic check,57.4,1361.61,No,0,13-24,3
C00795,Female,0,No,Yes,10,Yes,No,DSL,No,No,Yes,No,No,No,Two year,No,Credit card,26.95,263.54,No,0,7-12,2
C00796,Female,0,Yes,No,42,Yes,No,DSL,No,Yes,Yes,Yes,No,Yes,Two year,No,Bank transfer,37.67,1549.24,No,0,25-48,4
C00797,Female,0,No,Yes,12,Yes,Yes,Fiber optic,No,No,Yes,No,Yes,No,Month-to-month,Yes,Credit card,60.21,672.79,Yes,1,7-12,2
C00798,Male,0,Yes,Yes,33,Yes,No,Fiber optic,No,Yes,No,No,Yes,No,One year,Yes,Bank transfer,58.1,2026.39,Yes,1,25-48,4
C00799,Male,0,No,No,8,Yes,No phone service,No internet service,No internet service,No internet service,No internet service,No internet service,No internet service,No internet service,Two year,Yes,Electronic check,28.55,213.68,No,0,7-12,2
C00800,Male,0,Yes,Yes,49,Yes,No phone service,No internet service,No internet service,No internet service,No internet service,No internet service,No internet service,No internet service,One year,Yes,Credit card,18.18,827.77,No,0,49-72,5
C00801,Male,0,Yes,No,19,Yes,No phone service,No internet service,No internet service,No internet service,No internet service,No internet service,No internet service,No internet service,Month-to-month,Yes,Bank transfer,31.13,562.92,No,0,13-24,3
C00802,Male,1,No,No,18,Yes,Yes,Fiber optic,Yes,No,No,Yes,Yes,No,Month-to-month,Yes,Mailed check,58.18,974.95,No,0,13-24,3
C00803,Female,0,Yes,Yes,31,Yes,No,Fiber optic,No,Yes,No,No,No,No,One year,Yes,Electronic check,62.97,1889.21,No,0,25-48,4
C00804,Male,0,Yes,Yes,34,Yes,No,DSL,No,Yes,No,No,No,Yes,Two year,No,Credit card,46.45,1607.79,No,0,25-48,4
C00805,Male,0,Yes,No,9,Yes,No,DSL,No,Yes,No,Yes,No,No,Month-to-month,Yes,Electronic check,38.51,368.6,Yes,1,7-12,2
C00806,Male,0,No,No,16,Yes,No,DSL,Yes,No,Yes,No,Yes,Yes,One year,No,Credit card,41.85,619.97,No,0,13-24,3
C00807,Male,0,Yes,Yes,38,Yes,No,DSL,No,No,Yes,No,No,Yes,Month-to-month,Yes,Bank transfer,38.95,1478.49,Yes,1,25-48,4
C00808,Male,1,No,No,37,Yes,No,Fiber optic,Yes,Yes,No,No,No,No,One year,Yes,Bank transfer,65.88,2425.86,Yes,1,25-48,4
C00809,Male,0,Yes,Yes,72,No,No phone service,Fiber optic,Yes,No,Yes,Yes,No,No,Month-to-month,Yes,Bank transfer,57.69,4403.46,No,0,49-72,5
C00810,Female,0,No,No,36,Yes,No,DSL,Yes,Yes,No,No,Yes,Yes,Two year,Yes,Bank transfer,35.94,1340.2,No,0,25-48,4
C00811,Male,0,No,No,3,Yes,No phone service,No internet service,No internet service,No internet service,No internet service,No internet service,No internet service,No internet service,Month-to-month,No,Bank transfer,21.77,67.79,No,0,0-6,1
C00812,Male,0,Yes,No,47,Yes,Yes,Fiber optic,Yes,No,Yes,No,Yes,No,Two year,Yes,Credit card,58.26,2577.19,No,0,25-48,4
C00813,Male,0,No,No,31,Yes,No,Fiber optic,No,No,No,Yes,Yes,No,One year,Yes,Bank transfer,62.22,1896.77,No,0,25-48,4
C00814,Male,0,Yes,No,35,Yes,Yes,Fiber optic,No,No,No,Yes,No,No,Two year,Yes,Mailed check,57.77,2088.36,Yes,1,25-48,4
C00815,Female,0,No,Yes,22,Yes,No,DSL,Yes,Yes,No,No,No,No,One year,Yes,Bank transfer,35.46,807.15,No,0,13-24,3
C00816,Female,0,Yes,No,18,No,No phone service,DSL,No,No,Yes,No,Yes,No,Month-to-month,No,Credit card,28.1,521.66,No,0,13-24,3
C00817,Female,0,Yes,No,66,Yes,Yes,DSL,No,No,No,No,No,Yes,Two year,No,Bank transfer,33.52,2123.18,No,0,49-72,5
C00818,Male,0,Yes,No,43,Yes,Yes,Fiber optic,Yes,No,No,No,No,No,Month-to-month,Yes,Mailed check,62.24,2697.5,No,0,25-48,4
C00819,Male,0,No,No,58,Yes,Yes,Fiber optic,No,Yes,No,No,No,Yes,Month-to-month,Yes,Electronic check,61.1,3449.01,Yes,1,49-72,5
C00820,Female,0,No,No,31,Yes,Yes,DSL,No,No,Yes,Yes,Yes,No,One year,No,Electronic check,42.34,1228.56,No,0,25-48,4
C00821,Male,0,No,No,23,Yes,No phone service,No internet service,No internet service,No internet service,No internet service,No internet service,No internet service,No internet service,Month-to-month,No,Electronic check,23.69,572.84,Yes,1,13-24,3
C00822,Female,0,No,No,28,Yes,No phone service,No internet service,No internet service,No internet service,No internet service,No internet service,No internet service,No internet service,One year,No,Mailed check,26.76,766.78,No,0,25-48,4
C00823,Male,0,Yes,No,8,Yes,No,DSL,Yes,Yes,No,No,No,Yes,Month-to-month,Yes,Bank transfer,38.16,290.39,Yes,1,7-12,2
C00824,Female,1,Yes,No,38,Yes,No,Fiber optic,No,No,Yes,No,No,No,Two year,Yes,Electronic check,52.09,2013.43,No,0,25-48,4
C00825,Female,0,No,No,43,Yes,No,No internet service,No internet service,No internet service,No internet service,No internet service,No internet service,No internet service,Two year,Yes,Bank transfer,30.34,1400.6,Yes,1,25-48,4
C00826,Female,0,No,No,36,Yes,No,DSL,Yes,Yes,No,No,No,No,Two year,Yes,Credit card,43.59,1686.36,No,0,25-48,4
C00827,Female,0,No,No,24,Yes,No,Fiber optic,No,Yes,Yes,No,No,No,Month-to-month,Yes,Electronic check,43.96,1112.57,Yes,1,13-24,3
C00828,Male,0,Yes,No,21,Yes,Yes,Fiber optic,No,Yes,No,Yes,No,Yes,Two year,Yes,Mailed check,58.56,1222.85,No,0,13-24,3
C00829,Female,0,No,Yes,41,Yes,No,DSL,Yes,No,No,Yes,Yes,No,Month-to-month,No,Credit card,43.55,1672.65,Yes,1,25-48,4
C00830,Male,0,Yes,No,64,Yes,No,Fiber optic,Yes,No,Yes,No,Yes,Yes,Month-to-month,Yes,Bank transfer,59.61,4040.16,Yes,1,49-72,5
C00831,Female,1,Yes,No,72,Yes,Yes,Fiber optic,No,No,No,No,No,Yes,Month-to-month,Yes,Bank transfer,56.44,3848.66,Yes,1,49-72,5
C00832,Male,0,No,No,19,Yes,Yes,Fiber optic,Yes,No,No,Yes,No,Yes,Month-to-month,No,Credit card,56.03,1032.11,Yes,1,13-24,3
C00833,Male,0,No,No,37,Yes,No,Fiber optic,Yes,No,Yes,No,No,No,Month-to-month,No,Electronic check,54.03,2060.76,Yes,1,25-48,4
C00834,Female,0,Yes,No,12,Yes,No,DSL,No,No,No,No,No,No,Month-to-month,Yes,Bank transfer,35.19,433.59,Yes,1,7-12,2
C00835,Male,0,Yes,Yes,50,Yes,Yes,Fiber optic,No,Yes,Yes,No,Yes,No,Month-to-month,No,Electronic check,58.93,2913.61,Yes,1,49-72,5
C00836,Male,1,Yes,No,20,Yes,No,Fiber optic,No,No,No,No,Yes,No,One year,Yes,Electronic check,61.73,1166.57,No,0,13-24,3
C00837,Male,0,No,No,72,Yes,No phone service,No internet service,No internet service,No internet service,No internet service,No internet service,No internet service,No internet service,Month-to-month,Yes,Mailed check,23.31,1710.78,Yes,1,49-72,5
C00838,Female,1,No,Yes,24,Yes,No,DSL,Yes,No,No,No,Yes,No,Month-to-month,Yes,Mailed check,42.63,977.45,Yes,1,13-24,3
C00839,Female,1,No,No,22,Yes,No,Fiber optic,No,No,No,No,Yes,No,One year,No,Bank transfer,63.4,1467.86,No,0,13-24,3
C00840,Female,0,Yes,No,41,Yes,No,DSL,Yes,No,Yes,No,No,No,Month-to-month,No,Bank transfer,43.05,1760.32,No,0,25-48,4
C00841,Male,0,Yes,No,22,Yes,Yes,Fiber optic,No,No,No,No,No,Yes,Month-to-month,Yes,Electronic check,60.89,1356.87,No,0,13-24,3
C00842,Male,0,Yes,Yes,11,Yes,Yes,DSL,Yes,Yes,Yes,No,No,No,Month-to-month,Yes,Credit card,35.66,370.7,Yes,1,7-12,2
C00843,Female,0,No,Yes,64,No,No phone service,DSL,No,No,Yes,No,Yes,No,Two year,No,Electronic check,40.09,2672.52,Yes,1,49-72,5
C00844,Female,0,No,Yes,9,Yes,No,DSL,No,No,No,Yes,Yes,No,Two year,Yes,Electronic check,35.49,335.93,No,0,7-12,2
C00845,Male,0,No,No,21,Yes,No,DSL,Yes,No,No,No,Yes,Yes,Month-to-month,Yes,Mailed check,37.7,834.6,Yes,1,13-24,3
C00846,Male,1,Yes,No,50,Yes,No,DSL,No,No,Yes,No,Yes,Yes,Two year,Yes,Bank transfer,42.14,2092.16,No,0,49-72,5
C00847,Female,0,Yes,No,23,Yes,No,DSL,No,No,Yes,No,Yes,Yes,One year,No,Electronic check,46.37,1053.86,Yes,1,13-24,3
C00848,Female,0,Yes,No,24,No,No phone service,Fiber optic,Yes,No,No,Yes,Yes,Yes,Month-to-month,Yes,Mailed check,61.59,1422.86,Yes,1,13-24,3
C00849,Male,0,Yes,No,66,Yes,Yes,Fiber optic,Yes,Yes,Yes,No,Yes,No,Month-to-month,No,Bank transfer,62.02,3790.89,No,0,49-72,5
C00850,Male,0,No,No,29,Yes,No,DSL,No,Yes,No,Yes,No,No,One year,No,Electronic check,40.26,1103.0,No,0,25-48,4
C00851,Male,0,No,No,9,Yes,Yes,DSL,Yes,Yes,No,No,Yes,Yes,Month-to-month,Yes,Credit card,33.21,281.51,Yes,1,7-12,2
C00852,Female,1,No,No,40,No,No phone service,Fiber optic,No,Yes,No,No,No,No,Month-to-month,Yes,Credit card,51.78,2112.9,Yes,1,25-48,4
C00853,Female,0,No,No,46,Yes,No,No internet service,No internet service,No internet service,No internet service,No internet service,No internet service,No internet service,Month-to-month,No,Credit card,29.06,1247.63,No,0,25-48,4
C00854,Female,0,No,No,61,Yes,No,Fiber optic,No,Yes,No,No,Yes,Yes,Month-to-month,No,Credit card,65.22,3702.38,Yes,1,49-72,5
C00855,Male,0,No,No,44,Yes,Yes,Fiber optic,No,No,Yes,No,No,Yes,Two year,No,Mailed check,57.92,2563.79,Yes,1,25-48,4
C00856,Female,0,Yes,Yes,47,Yes,Yes,DSL,No,No,Yes,No,No,No,One year,Yes,Credit card,44.21,2054.47,No,0,25-48,4
C00857,Female,1,Yes,No,72,Yes,Yes,DSL,No,No,No,Yes,Yes,No,One year,Yes,Bank transfer,34.01,2402.74,No,0,49-72,5
C00858,Female,0,No,Yes,31,Yes,No,Fiber optic,No,No,No,Yes,Yes,No,Two year,Yes,Credit card,60.75,1992.67,Yes,1,25-48,4
C00859,Male,0,No,No,18,Yes,Yes,Fiber optic,Yes,No,No,Yes,No,No,Month-to-month,Yes,Bank transfer,57.25,1000.47,No,0,13-24,3
C00860,Female,1,Yes,No,41,Yes,No,Fiber optic,No,Yes,No,No,Yes,Yes,Month-to-month,No,Credit card,58.59,2311.27,Yes,1,25-48,4
C00861,Female,0,No,Yes,33,Yes,Yes,Fiber optic,Yes,Yes,No,No,No,No,One year,No,Electronic check,56.17,1761.47,Yes,1,25-48,4
C00862,Male,0,Yes,No,8,Yes,No,DSL,No,Yes,Yes,No,No,No,One year,Yes,Electronic check,37.73,293.45,No,0,7-12,2
C00863,Female,0,No,No,12,Yes,No,Fiber optic,Yes,No,No,No,Yes,No,Two year,Yes,Electronic check,60.06,711.79,No,0,7-12,2
C00864,Male,1,No,No,28,Yes,No phone service,No internet service,No internet service,No internet service,No internet service,No internet service,No internet service,No internet service,Month-to-month,No,Electronic check,21.1,596.65,No,0,25-48,4
C00865,Male,0,No,No,26,Yes,No,Fiber optic,Yes,No,Yes,No,No,No,Month-to-month,No,Mailed check,60.27,1616.8,No,0,25-48,4
C00866,Male,0,No,Yes,16,Yes,No,No internet service,No internet service,No internet service,No internet service,No internet service,No internet service,No internet service,One year,Yes,Electronic check,18.0,297.53,Yes,1,13-24,3
C00867,Male,0,No,No,22,Yes,No,DSL,Yes,No,No,No,No,No,One year,Yes,Mailed check,36.49,823.4,No,0,13-24,3
C00868,Female,0,Yes,Yes,26,No,No phone service,DSL,No,Yes,No,Yes,No,Yes,Two year,No,Bank transfer,23.28,638.19,No,0,25-48,4
C00869,Male,0,Yes,No,48,Yes,No,Fiber optic,No,No,No,No,Yes,No,One year,Yes,Mailed check,57.34,2597.62,No,0,25-48,4
C00870,Female,0,No,No,43,Yes,No,Fiber optic,Yes,No,No,No,No,Yes,Two year,Yes,Electronic check,55.74,2356.85,Yes,1,25-48,4
C00871,Male,0,No,No,31,Yes,Yes,Fiber optic,Yes,No,No,Yes,No,Yes,Month-to-month,Yes,Electronic check,61.45,1935.03,Yes,1,25-48,4
C00872,Female,0,Yes,Yes,45,Yes,No phone service,No internet service,No internet service,No internet service,No internet service,No internet service,No internet service,No internet service,One year,No,Electronic check,21.18,944.66,No,0,25-48,4
C00873,Male,1,No,Yes,29,Yes,No,No internet service,No internet service,No internet service,No internet service,No internet service,No internet service,No internet service,One year,No,Bank transfer,36.28,1020.4,Yes,1,25-48,4
C00874,Male,0,Yes,No,10,Yes,No,Fiber optic,No,Yes,Yes,No,Yes,Yes,One year,Yes,Mailed check,54.14,534.53,No,0,7-12,2
C00875,Female,0,Yes,No,32,Yes,Yes,Fiber optic,No,No,No,No,No,Yes,One year,No,Electronic check,59.32,1986.83,Yes,1,25-48,4
C00876,Male,0,No,No,14,Yes,No,No internet service,No internet service,No internet service,No internet service,No internet service,No internet service,No internet service,Month-to-month,Yes,Electronic check,25.78,380.16,Yes,1,13-24,3
C00877,Male,0,Yes,No,34,Yes,No,DSL,Yes,No,Yes,Yes,No,No,Two year,No,Bank transfer,36.69,1169.77,No,0,25-48,4
C00878,Female,0,No,Yes,23,Yes,No,Fiber optic,Yes,No,No,No,No,No,Month-to-month,Yes,Electronic check,57.49,1312.39,Yes,1,13-24,3
C00879,Female,0,No,Yes,19,Yes,No,Fiber optic,No,No,No,Yes,No,No,Two year,No,Bank transfer,70.99,1288.66,Yes,1,13-24,3
C00880,Male,1,No,Yes,7,Yes,No,Fiber optic,No,No,Yes,No,No,No,Month-to-month,No,Credit card,63.46,461.98,Yes,1,7-12,2
C00881,Female,0,Yes,No,31,Yes,Yes,Fiber optic,Yes,No,No,Yes,Yes,No,Month-to-month,No,Bank transfer,53.65,1679.31,No,0,25-48,4
C00882,Male,0,No,No,25,Yes,No phone service,No internet service,No internet service,No internet service,No internet service,No internet service,No internet service,No internet service,Month-to-month,Yes,Electronic check,34.37,915.31,Yes,1,25-48,4
C00883,Male,0,No,Yes,19,Yes,No,DSL,Yes,Yes,No,Yes,No,No,Month-to-month,No,Electronic check,34.61,706.53,Yes,1,13-24,3
C00884,Female,0,Yes,Yes,16,No,No phone service,DSL,No,Yes,Yes,Yes,No,No,Month-to-month,Yes,Credit card,24.1,397.51,Yes,1,13-24,3
C00885,Female,0,No,Yes,21,Yes,No,DSL,No,No,No,No,No,No,Month-to-month,Yes,Mailed check,42.94,851.63,Yes,1,13-24,3
C00886,Female,0,No,No,72,Yes,Yes,Fiber optic,Yes,No,Yes,No,No,No,One year,Yes,Electronic check,64.35,4433.71,No,0,49-72,5
C00887,Male,1,Yes,No,4,Yes,No,DSL,Yes,Yes,No,No,No,No,Month-to-month,No,Mailed check,31.99,129.58,Yes,1,0-6,1
C00888,Female,0,Yes,No,15,Yes,No,Fiber optic,Yes,Yes,No,Yes,No,No,One year,Yes,Mailed check,47.96,747.75,No,0,13-24,3
C00889,Male,0,No,Yes,20,Yes,No,DSL,No,No,No,No,Yes,No,One year,No,Electronic check,30.74,654.7,No,0,13-24,3
C00890,Male,0,Yes,No,24,Yes,No,Fiber optic,Yes,No,No,No,No,Yes,Month-to-month,Yes,Electronic check,54.37,1303.8,No,0,13-24,3
C00891,Male,0,Yes,No,25,Yes,No,No internet service,No internet service,No internet service,No internet service,No internet service,No internet service,No internet service,Two year,No,Electronic check,28.77,719.24,No,0,25-48,4
C00892,Male,0,Yes,No,70,Yes,Yes,DSL,No,No,No,Yes,Yes,No,Month-to-month,No,Electronic check,38.73,2719.8,No,0,49-72,5
C00893,Female,0,No,No,14,Yes,No,DSL,No,No,No,Yes,No,No,One year,No,Electronic check,34.89,504.25,Yes,1,13-24,3
C00894,Male,0,No,No,53,Yes,No,Fiber optic,No,No,No,No,No,No,Month-to-month,No,Credit card,64.81,3322.86,Yes,1,49-72,5
C00895,Female,0,Yes,No,16,Yes,No phone service,No internet service,No internet service,No internet service,No internet service,No internet service,No internet service,No internet service,Month-to-month,Yes,Electronic check,24.42,406.54,No,0,13-24,3
C00896,Male,0,No,No,27,Yes,No,Fiber optic,No,No,No,Yes,No,No,Month-to-month,Yes,Credit card,57.69,1467.08,Yes,1,25-48,4
C00897,Female,1,Yes,Yes,72,Yes,No,DSL,No,Yes,No,Yes,No,No,One year,No,Electronic check,36.81,2504.24,No,0,49-72,5
C00898,Female,1,Yes,No,58,Yes,Yes,DSL,No,No,Yes,No,No,No,Month-to-month,No,Electronic check,35.58,1962.83,No,0,49-72,5
C00899,Female,0,Yes,No,19,Yes,No,Fiber optic,Yes,Yes,No,Yes,Yes,Yes,Month-to-month,Yes,Credit card,62.21,1230.89,No,0,13-24,3
C00900,Female,0,Yes,No,32,Yes,Yes,DSL,Yes,No,No,No,No,Yes,Two year,No,Electronic check,32.2,1092.72,No,0,25-48,4
C00901,Female,0,Yes,No,38,Yes,No phone service,No internet service,No internet service,No internet service,No internet service,No internet service,No internet service,No internet service,One year,Yes,Bank transfer,22.76,798.81,No,0,25-48,4
C00902,Female,0,No,No,26,Yes,No phone service,No internet service,No internet service,No internet service,No internet service,No internet service,No internet service,No internet service,Month-to-month,No,Electronic check,27.87,679.3,Yes,1,25-48,4
C00903,Female,0,Yes,Yes,25,Yes,No,No internet service,No internet service,No internet service,No internet service,No internet service,No internet service,No internet service,Month-to-month,Yes,Electronic check,34.23,866.02,No,0,25-48,4
C00904,Male,0,No,Yes,42,Yes,No,Fiber optic,Yes,No,No,No,No,No,Month-to-month,Yes,Mailed check,62.41,2700.95,Yes,1,25-48,4
C00905,Male,0,No,No,13,Yes,Yes,Fiber optic,Yes,No,No,No,No,No,One year,Yes,Electronic check,68.43,857.36,No,0,13-24,3
C00906,Male,0,No,No,9,Yes,No,DSL,No,No,Yes,Yes,No,Yes,Month-to-month,No,Electronic check,42.9,369.11,Yes,1,7-12,2
C00907,Male,0,No,Yes,11,Yes,No,Fiber optic,No,Yes,No,No,Yes,No,Month-to-month,No,Electronic check,71.49,832.47,Yes,1,7-12,2
C00908,Male,0,Yes,No,41,Yes,No,No internet service,No internet service,No internet service,No internet service,No internet service,No internet service,No internet service,Month-to-month,No,Bank transfer,26.39,1068.77,Yes,1,25-48,4
C00909,Female,0,Yes,Yes,18,Yes,No phone service,No internet service,No internet service,No internet service,No internet service,No internet service,No internet service,No internet service,Month-to-month,No,Electronic check,30.88,598.0,Yes,1,13-24,3
C00910,Female,0,Yes,No,34,Yes,No,DSL,Yes,Yes,Yes,No,Yes,No,One year,Yes,Credit card,37.39,1304.78,Yes,1,25-48,4
C00911,Female,0,No,Yes,31,Yes,Yes,Fiber optic,No,Yes,Yes,No,No,Yes,One year,No,Bank transfer,52.08,1581.96,No,0,25-48,4
C00912,Female,0,Yes,No,62,Yes,Yes,Fiber optic,No,No,No,Yes,No,No,One year,Yes,Credit card,59.78,3434.01,Yes,1,49-72,5
C00913,Male,0,No,No,60,Yes,Yes,DSL,No,No,No,No,Yes,No,Month-to-month,Yes,Mailed check,36.83,2096.44,Yes,1,49-72,5
C00914,Female,0,No,No,72,Yes,No,DSL,Yes,Yes,No,No,No,No,Two year,Yes,Electronic check,45.78,3192.77,No,0,49-72,5
C00915,Female,1,Yes,No,14,Yes,No phone service,No internet service,No internet service,No internet service,No internet service,No internet service,No internet service,No internet service,Month-to-month,Yes,Credit card,35.23,455.85,Yes,1,13-24,3
C00916,Female,0,No,No,72,Yes,No phone service,No internet service,No internet service,No internet service,No internet service,No internet service,No internet service,No internet service,One year,No,Electronic check,21.29,1520.29,Yes,1,49-72,5
C00917,Female,0,No,No,30,Yes,No,Fiber optic,No,No,Yes,No,No,No,One year,Yes,Credit card,61.72,1776.55,No,0,25-48,4
C00918,Male,0,No,Yes,20,Yes,No,No internet service,No internet service,No internet service,No internet service,No internet service,No internet service,No internet service,Month-to-month,No,Electronic check,29.64,613.82,No,0,13-24,3
C00919,Female,0,Yes,No,7,Yes,No,DSL,No,Yes,Yes,No,No,No,Month-to-month,Yes,Credit card,40.11,275.42,Yes,1,7-12,2
C00920,Female,0,No,No,72,Yes,No,Fiber optic,No,Yes,No,Yes,No,No,One year,Yes,Electronic check,66.84,4518.44,No,0,49-72,5
C00921,Female,0,Yes,No,12,Yes,No,Fiber optic,No,No,No,No,No,No,Month-to-month,No,Bank transfer,54.09,690.45,Yes,1,7-12,2
C00922,Female,0,Yes,Yes,10,Yes,No,DSL,Yes,Yes,Yes,No,Yes,No,Month-to-month,No,Bank transfer,46.79,487.19,No,0,7-12,2
C00923,Male,0,No,No,11,Yes,No,Fiber optic,No,Yes,No,Yes,Yes,Yes,Two year,No,Mailed check,60.29,660.96,Yes,1,7-12,2
C00924,Female,0,No,Yes,1,Yes,No,Fiber optic,No,Yes,No,No,Yes,Yes,Month-to-month,No,Electronic check,60.76,62.64,Yes,1,0-6,1
C00925,Male,0,No,No,6,Yes,No,Fiber optic,Yes,Yes,No,No,No,Yes,Month-to-month,Yes,Mailed check,59.69,334.84,Yes,1,0-6,1
C00926,Male,1,No,No,35,Yes,No,DSL,No,No,No,Yes,Yes,No,One year,Yes,Credit card,42.5,1393.63,Yes,1,25-48,4
C00927,Female,1,Yes,No,31,Yes,Yes,DSL,No,Yes,No,No,Yes,No,Month-to-month,Yes,Electronic check,37.55,1165.82,No,0,25-48,4
C00928,Male,1,No,No,19,Yes,No,Fiber optic,No,No,Yes,No,No,Yes,One year,Yes,Electronic check,65.0,1188.95,Yes,1,13-24,3
C00929,Male,1,Yes,No,16,Yes,No,DSL,No,Yes,Yes,No,Yes,No,Month-to-month,No,Bank transfer,39.33,643.56,Yes,1,13-24,3
C00930,Male,0,Yes,Yes,22,Yes,No,DSL,No,No,No,Yes,Yes,No,Two year,No,Credit card,38.39,855.31,No,0,13-24,3
C00931,Female,1,Yes,No,69,Yes,No,Fiber optic,Yes,No,No,Yes,No,No,Two year,No,Bank transfer,62.25,3967.91,No,0,49-72,5
C00932,Female,0,No,Yes,27,Yes,No,Fiber optic,No,No,Yes,Yes,No,Yes,Two year,No,Electronic check,58.28,1454.15,No,0,25-48,4
C00933,Female,0,Yes,No,72,Yes,No phone service,No internet service,No internet service,No internet service,No internet service,No internet service,No internet service,No internet service,Month-to-month,Yes,Electronic check,23.2,1675.99,Yes,1,49-72,5
C00934,Male,0,No,No,54,Yes,No,No internet service,No internet service,No internet service,No internet service,No internet service,No internet service,No internet service,One year,No,Bank transfer,20.53,1176.65,No,0,49-72,5
C00935,Male,0,Yes,No,49,Yes,No,Fiber optic,Yes,Yes,Yes,Yes,No,No,Month-to-month,No,Mailed check,72.15,3361.29,Yes,1,49-72,5
C00936,Female,0,No,No,31,Yes,No,DSL,Yes,Yes,Yes,No,No,Yes,One year,Yes,Bank transfer,35.2,1027.86,No,0,25-48,4
C00937,Female,1,No,No,16,Yes,No phone service,No internet service,No internet service,No internet service,No internet service,No internet service,No internet service,No internet service,One year,Yes,Electronic check,25.31,411.04,Yes,1,13-24,3
C00938,Female,0,No,No,37,Yes,No,DSL,No,No,Yes,No,Yes,Yes,Two year,Yes,Electronic check,43.33,1596.92,Yes,1,25-48,4
C00939,Female,0,Yes,Yes,57,Yes,No phone service,No internet service,No internet service,No internet service,No internet service,No internet service,No internet service,No internet service,Month-to-month,No,Credit card,27.88,1549.22,No,0,49-72,5
C00940,Female,0,No,No,58,Yes,No,Fiber optic,No,Yes,Yes,Yes,No,No,Month-to-month,Yes,Bank transfer,53.75,2929.15,Yes,1,49-72,5
C00941,Female,1,Yes,Yes,21,Yes,Yes,DSL,No,No,No,Yes,Yes,No,One year,No,Mailed check,41.25,818.39,Yes,1,13-24,3
C00942,Male,0,Yes,No,27,Yes,Yes,DSL,Yes,Yes,No,Yes,Yes,No,One year,Yes,Electronic check,23.83,678.47,No,0,25-48,4
C00943,Female,0,No,Yes,25,Yes,No phone service,No internet service,No internet service,No internet service,No internet service,No internet service,No internet service,No internet service,One year,Yes,Mailed check,26.32,649.99,Yes,1,25-48,4
C00944,Female,0,Yes,No,27,Yes,No,DSL,No,No,No,No,Yes,Yes,Two year,Yes,Bank transfer,40.31,1095.8,No,0,25-48,4
C00945,Male,1,Yes,No,11,Yes,No,DSL,No,No,Yes,Yes,No,No,One year,No,Credit card,31.79,366.06,Yes,1,7-12,2
C00946,Male,0,Yes,No,19,Yes,No,DSL,No,No,No,No,No,No,Month-to-month,Yes,Mailed check,40.93,727.7,No,0,13-24,3
C00947,Male,0,Yes,Yes,19,Yes,Yes,DSL,Yes,No,No,No,Yes,Yes,Month-to-month,Yes,Electronic check,40.08,795.32,Yes,1,13-24,3
C00948,Female,1,No,No,16,Yes,Yes,DSL,Yes,No,No,No,No,Yes,One year,Yes,Electronic check,39.92,612.49,No,0,13-24,3
C00949,Female,0,No,Yes,18,Yes,Yes,Fiber optic,Yes,No,Yes,No,Yes,No,Month-to-month,No,Bank transfer,60.28,1142.69,No,0,13-24,3
C00950,Male,0,Yes,Yes,43,Yes,No,Fiber optic,No,No,No,No,Yes,Yes,Month-to-month,Yes,Credit card,64.6,2989.85,Yes,1,25-48,4
C00951,Male,0,Yes,Yes,16,Yes,No,DSL,No,No,Yes,No,Yes,Yes,One year,No,Credit card,32.59,511.48,No,0,13-24,3
C00952,Male,1,No,No,29,Yes,Yes,Fiber optic,No,No,No,Yes,No,No,Two year,No,Mailed check,66.52,1996.75,No,0,25-48,4
C00953,Female,0,No,No,72,Yes,No phone service,No internet service,No internet service,No internet service,No internet service,No internet service,No internet service,No internet service,Month-to-month,Yes,Electronic check,22.46,1651.22,No,0,49-72,5
C00954,Male,0,No,No,16,Yes,No,DSL,No,No,No,Yes,No,Yes,Month-to-month,Yes,Credit card,36.21,594.56,Yes,1,13-24,3
C00955,Female,0,No,Yes,21,Yes,Yes,DSL,No,No,Yes,Yes,No,Yes,Month-to-month,Yes,Electronic check,41.74,865.93,Yes,1,13-24,3
C00956,Female,0,No,No,11,Yes,No,Fiber optic,No,No,No,Yes,No,Yes,Month-to-month,No,Mailed check,61.1,639.01,Yes,1,7-12,2
C00957,Female,1,Yes,No,48,No,No phone service,Fiber optic,Yes,No,Yes,Yes,No,No,Month-to-month,No,Bank transfer,48.81,2339.09,Yes,1,25-48,4
C00958,Female,0,Yes,Yes,23,Yes,No,DSL,Yes,No,No,Yes,No,Yes,Two year,No,Electronic check,28.95,691.92,No,0,13-24,3
C00959,Male,0,Yes,No,15,Yes,No,No internet service,No internet service,No internet service,No internet service,No internet service,No internet service,No internet service,One year,Yes,Bank transfer,23.91,333.17,No,0,13-24,3
C00960,Male,0,No,No,39,Yes,No,Fiber optic,No,No,No,No,No,Yes,Two year,No,Bank transfer,52.77,2005.1,Yes,1,25-48,4
C00961,Male,0,Yes,No,20,Yes,No,DSL,No,Yes,No,Yes,Yes,No,One year,No,Credit card,46.86,1011.52,No,0,13-24,3
C00962,Male,0,Yes,No,22,Yes,No,Fiber optic,Yes,Yes,Yes,No,No,No,One year,No,Electronic check,65.1,1392.8,Yes,1,13-24,3
C00963,Female,0,No,No,37,Yes,Yes,Fiber optic,Yes,Yes,Yes,No,Yes,No,Two year,Yes,Electronic check,64.12,2383.24,No,0,25-48,4
C00964,Female,1,No,No,21,Yes,No phone service,No internet service,No internet service,No internet service,No internet service,No internet service,No internet service,No internet service,Two year,Yes,Electronic check,22.07,468.46,No,0,13-24,3
C00965,Male,0,Yes,No,27,Yes,No,No internet service,No internet service,No internet service,No internet service,No internet service,No internet service,No internet service,Month-to-month,Yes,Electronic check,24.28,674.22,Yes,1,25-48,4
C00966,Male,0,No,No,31,Yes,Yes,DSL,No,Yes,No,No,Yes,Yes,Month-to-month,No,Bank transfer,33.04,1099.14,Yes,1,25-48,4
C00967,Male,0,No,No,27,Yes,No,No internet service,No internet service,No internet service,No internet service,No internet service,No internet service,No internet service,Two year,Yes,Electronic check,31.61,793.9,No,0,25-48,4
C00968,Female,1,No,No,57,Yes,No,Fiber optic,Yes,Yes,Yes,Yes,No,No,Month-to-month,No,Bank transfer,70.16,4285.44,Yes,1,49-72,5
C00969,Male,0,Yes,No,8,Yes,No,Fiber optic,Yes,Yes,No,Yes,No,No,Month-to-month,Yes,Electronic check,64.38,535.26,No,0,7-12,2
C00970,Female,0,Yes,Yes,8,Yes,No,Fiber optic,Yes,No,No,No,Yes,Yes,Two year,Yes,Bank transfer,57.11,474.41,No,0,7-12,2
C00971,Male,0,No,No,43,Yes,No,Fiber optic,Yes,No,Yes,No,No,Yes,One year,Yes,Electronic check,59.15,2510.94,Yes,1,25-48,4
C00972,Female,1,No,No,26,Yes,No phone service,No internet service,No internet service,No internet service,No internet service,No internet service,No internet service,No internet service,One year,No,Electronic check,23.73,663.85,No,0,25-48,4
C00973,Male,0,Yes,No,20,Yes,No,DSL,Yes,No,No,No,No,Yes,Month-to-month,No,Electronic check,44.91,956.48,Yes,1,13-24,3
C00974,Male,0,No,No,72,Yes,No,Fiber optic,No,No,No,Yes,Yes,No,One year,No,Bank transfer,63.59,4649.23,No,0,49-72,5
C00975,Male,0,Yes,Yes,56,Yes,No,DSL,No,No,Yes,Yes,No,No,Month-to-month,Yes,Electronic check,37.53,2133.76,Yes,1,49-72,5
C00976,Male,0,No,Yes,10,Yes,No,Fiber optic,Yes,No,Yes,No,Yes,No,One year,No,Electronic check,59.17,596.44,No,0,7-12,2
C00977,Female,0,Yes,No,17,Yes,Yes,Fiber optic,No,No,Yes,No,Yes,No,Month-to-month,No,Credit card,59.12,940.06,No,0,13-24,3
C00978,Male,0,Yes,Yes,72,Yes,Yes,DSL,No,Yes,No,No,No,No,Month-to-month,Yes,Mailed check,39.92,2810.58,No,0,49-72,5
C00979,Male,0,Yes,Yes,25,No,No phone service,Fiber optic,Yes,Yes,Yes,No,No,Yes,Month-to-month,Yes,Mailed check,56.36,1473.48,No,0,25-48,4
C00980,Female,0,No,Yes,20,Yes,Yes,DSL,No,Yes,Yes,No,No,Yes,Month-to-month,No,Mailed check,35.69,728.56,Yes,1,13-24,3
C00981,Female,1,Yes,Yes,18,Yes,Yes,Fiber optic,No,No,Yes,No,No,No,Two year,Yes,Electronic check,61.67,1182.34,No,0,13-24,3
C00982,Female,0,Yes,Yes,55,Yes,No phone service,No internet service,No internet service,No internet service,No internet service,No internet service,No internet service,No internet service,Month-to-month,Yes,Electronic check,31.86,1820.16,No,0,49-72,5
C00983,Female,0,Yes,No,23,Yes,Yes,DSL,No,No,No,Yes,Yes,Yes,Month-to-month,Yes,Electronic check,42.6,1028.64,Yes,1,13-24,3
C00984,Male,0,No,Yes,18,Yes,No,No internet service,No internet service,No internet service,No internet service,No internet service,No internet service,No internet service,One year,Yes,Bank transfer,25.48,474.65,No,0,13-24,3
C00985,Male,0,No,No,21,Yes,No,DSL,Yes,No,No,No,Yes,No,Month-to-month,No,Credit card,36.5,826.19,No,0,13-24,3
C00986,Female,0,Yes,No,72,Yes,No,DSL,Yes,No,Yes,No,No,No,Month-to-month,Yes,Bank transfer,31.54,2416.1,Yes,1,49-72,5
C00987,Male,0,No,No,72,Yes,Yes,Fiber optic,Yes,No,Yes,Yes,Yes,No,Month-to-month,Yes,Mailed check,60.95,4109.43,No,0,49-72,5
C00988,Female,0,Yes,No,39,Yes,No,Fiber optic,Yes,Yes,No,No,Yes,No,Month-to-month,No,Electronic check,61.73,2585.41,Yes,1,25-48,4
C00989,Male,0,Yes,Yes,24,Yes,No,Fiber optic,No,No,No,Yes,No,No,Month-to-month,Yes,Electronic check,54.94,1259.75,Yes,1,13-24,3
C00990,Female,1,Yes,Yes,30,No,No phone service,Fiber optic,No,No,No,No,Yes,Yes,Month-to-month,No,Electronic check,51.85,1576.41,Yes,1,25-48,4
C00991,Female,1,Yes,No,25,Yes,No,DSL,No,Yes,No,No,Yes,No,Month-to-month,No,Mailed check,37.82,992.43,No,0,25-48,4
C00992,Male,0,No,No,52,Yes,Yes,Fiber optic,No,Yes,Yes,No,No,No,One year,Yes,Bank transfer,56.75,2858.26,No,0,49-72,5
C00993,Male,0,No,No,66,No,No phone service,Fiber optic,No,No,No,No,No,No,One year,No,Bank transfer,55.33,3849.79,Yes,1,49-72,5
C00994,Female,0,Yes,No,29,Yes,Yes,DSL,Yes,Yes,Yes,No,No,Yes,One year,Yes,Mailed check,41.15,1132.46,No,0,25-48,4
C00995,Female,0,No,No,14,Yes,No phone service,No internet service,No internet service,No internet service,No internet service,No internet service,No internet service,No internet service,Two year,Yes,Mailed check,23.91,322.07,No,0,13-24,3
C00996,Male,0,Yes,No,24,Yes,Yes,DSL,Yes,No,No,No,No,No,Two year,No,Credit card,37.85,918.85,No,0,13-24,3
C00997,Male,1,No,Yes,32,No,No,No internet service,No internet service,No internet service,No internet service,No internet service,No internet service,No internet service,Month-to-month,Yes,Electronic check,22.07,666.39,Yes,1,25-48,4
C00998,Female,0,Yes,Yes,15,Yes,Yes,DSL,No,No,No,No,Yes,Yes,Month-to-month,Yes,Mailed check,37.04,545.17,Yes,1,13-24,3
C00999,Female,0,No,No,36,Yes,No,Fiber optic,No,Yes,No,Yes,No,No,One year,Yes,Bank transfer,67.0,2554.19,No,0,25-48,4
C01000,Male,0,Yes,Yes,72,Yes,Yes,DSL,No,Yes,No,No,No,Yes,Month-to-month,Yes,Electronic check,42.76,3054.36,Yes,1,49-72,5
C01001,Male,0,Yes,Yes,42,Yes,No phone service,No internet service,No internet service,No internet service,No internet service,No internet service,No internet service,No internet service,Month-to-month,Yes,Electronic check,25.04,1006.71,Yes,1,25-48,4
C01002,Female,0,No,Yes,69,Yes,No,Fiber optic,No,No,No,No,No,No,Month-to-month,No,Mailed check,68.22,4972.29,Yes,1,49-72,5
C01003,Male,0,Yes,No,68,Yes,Yes,Fiber optic,No,No,Yes,No,Yes,No,One year,No,Bank transfer,59.56,4202.17,No,0,49-72,5
C01004,Male,0,Yes,No,72,Yes,No,No internet service,No internet service,No internet service,No internet service,No internet service,No internet service,No internet service,Month-to-month,Yes,Electronic check,34.05,2331.21,Yes,1,49-72,5
C01005,Female,0,No,No,37,No,No phone service,Fiber optic,No,Yes,Yes,No,No,No,Month-to-month,Yes,Mailed check,56.7,2070.18,Yes,1,25-48,4
C01006,Male,0,Yes,No,22,Yes,Yes,DSL,Yes,No,No,No,No,No,Month-to-month,Yes,Credit card,41.48,946.94,Yes,1,13-24,3
C01007,Female,1,No,Yes,38,Yes,Yes,DSL,Yes,No,Yes,No,No,No,One year,Yes,Credit card,33.55,1239.22,No,0,25-48,4
C01008,Female,0,Yes,Yes,6,Yes,No,DSL,Yes,No,Yes,No,Yes,Yes,Two year,Yes,Bank transfer,36.33,209.63,Yes,1,0-6,1
C01009,Female,0,Yes,No,20,Yes,Yes,DSL,No,No,No,No,Yes,Yes,Month-to-month,Yes,Credit card,34.69,692.99,No,0,13-24,3
C01010,Male,1,Yes,No,30,Yes,No,DSL,No,No,No,Yes,No,Yes,One year,No,Electronic check,35.0,1028.88,Yes,1,25-48,4
C01011,Male,0,No,No,63,Yes,No,No internet service,No internet service,No internet service,No internet service,No internet service,No internet service,No internet service,Month-to-month,Yes,Electronic check,24.69,1441.12,Yes,1,49-72,5
C01012,Female,0,Yes,Yes,20,Yes,Yes,DSL,No,No,No,No,No,Yes,Month-to-month,Yes,Electronic check,31.93,670.81,No,0,13-24,3
C01013,Male,0,Yes,No,30,Yes,No,Fiber optic,No,No,No,No,No,No,Month-to-month,Yes,Electronic check,50.24,1434.41,Yes,1,25-48,4
C01014,Male,0,No,Yes,45,Yes,No,No internet service,No internet service,No internet service,No internet service,No internet service,No internet service,No internet service,Month-to-month,Yes,Credit card,30.99,1325.8,Yes,1,25-48,4
C01015,Female,0,Yes,No,50,Yes,Yes,Fiber optic,No,No,No,No,No,No,Two year,Yes,Credit card,74.06,3870.05,No,0,49-72,5
C01016,Male,0,No,No,16,Yes,Yes,DSL,Yes,No,No,No,No,No,Month-to-month,No,Mailed check,36.73,606.82,Yes,1,13-24,3
C01017,Female,0,No,No,26,Yes,No,DSL,No,Yes,Yes,No,No,Yes,Two year,Yes,Electronic check,39.12,1033.55,No,0,25-48,4
C01018,Male,0,No,No,2,Yes,Yes,DSL,No,Yes,Yes,No,Yes,Yes,Month-to-month,Yes,Mailed check,36.33,72.06,Yes,1,0-6,1
C01019,Female,1,Yes,Yes,25,Yes,No,DSL,No,No,No,Yes,No,No,Month-to-month,Yes,Electronic check,42.34,977.61,Yes,1,25-48,4
C01020,Male,0,Yes,No,27,Yes,No,Fiber optic,No,No,Yes,No,Yes,No,One year,No,Credit card,52.58,1501.44,Yes,1,25-48,4
C01021,Male,0,Yes,No,8,Yes,No,DSL,No,No,Yes,Yes,Yes,No,One year,Yes,Bank transfer,37.15,304.65,No,0,7-12,2
C01022,Male,0,Yes,Yes,54,Yes,No,DSL,No,Yes,Yes,No,Yes,No,Two year,No,Electronic check,37.31,2154.15,No,0,49-72,5
C01023,Male,1,Yes,No,12,Yes,No,Fiber optic,No,Yes,Yes,No,No,No,Month-to-month,Yes,Electronic check,66.83,772.07,Yes,1,7-12,2
C01024,Female,0,Yes,Yes,10,Yes,No,Fiber optic,Yes,Yes,No,No,Yes,No,One year,Yes,Credit card,53.95,574.71,Yes,1,7-12,2
C01025,Male,0,Yes,Yes,26,Yes,No,Fiber optic,No,No,No,No,No,Yes,One year,No,Credit card,59.04,1523.36,No,0,25-48,4
C01026,Male,1,Yes,No,31,Yes,Yes,DSL,Yes,No,Yes,Yes,No,Yes,One year,Yes,Bank transfer,35.88,1094.93,Yes,1,25-48,4
C01027,Female,0,Yes,No,8,Yes,No,Fiber optic,No,No,Yes,No,No,Yes,One year,No,Electronic check,56.45,418.13,No,0,7-12,2
C01028,Female,0,Yes,No,41,Yes,No phone service,No internet service,No internet service,No internet service,No internet service,No internet service,No internet service,No internet service,One year,No,Credit card,28.17,1113.72,Yes,1,25-48,4
C01029,Male,0,No,No,72,No,No phone service,Fiber optic,Yes,Yes,Yes,Yes,Yes,No,Month-to-month,No,Mailed check,54.06,4142.51,Yes,1,49-72,5
C01030,Female,1,No,Yes,32,No,No phone service,Fiber optic,No,Yes,Yes,Yes,No,No,Month-to-month,Yes,Bank transfer,54.69,1855.9,Yes,1,25-48,4
C01031,Female,0,No,No,8,Yes,No,DSL,Yes,Yes,No,Yes,Yes,No,Month-to-month,No,Electronic check,37.29,280.66,Yes,1,7-12,2
C01032,Female,0,Yes,No,67,Yes,No,Fiber optic,No,Yes,Yes,Yes,No,No,Month-to-month,Yes,Electronic check,60.46,4185.9,Yes,1,49-72,5
C01033,Female,0,Yes,No,19,Yes,Yes,DSL,No,No,No,No,No,No,One year,No,Bank transfer,39.02,779.74,Yes,1,13-24,3
C01034,Male,1,Yes,Yes,17,Yes,No,Fiber optic,No,No,Yes,Yes,No,Yes,Month-to-month,Yes,Mailed check,55.64,915.34,Yes,1,13-24,3
C01035,Male,0,No,No,17,Yes,No,No internet service,No internet service,No internet service,No internet service,No internet service,No internet service,No internet service,Month-to-month,Yes,Electronic check,20.94,382.02,Yes,1,13-24,3
C01036,Female,0,Yes,No,29,Yes,Yes,Fiber optic,No,No,Yes,Yes,Yes,Yes,Month-to-month,Yes,Electronic check,56.93,1550.34,Yes,1,25-48,4
C01037,Female,1,Yes,No,22,Yes,Yes,Fiber optic,No,Yes,No,Yes,No,No,Month-to-month,No,Electronic check,61.89,1255.75,No,0,13-24,3
C01038,Female,0,Yes,No,21,Yes,Yes,Fiber optic,Yes,Yes,No,Yes,No,Yes,Two year,Yes,Mailed check,56.62,1284.12,No,0,13-24,3
C01039,Male,0,No,Yes,41,Yes,No,DSL,No,Yes,No,Yes,Yes,Yes,Month-to-month,Yes,Bank transfer,34.06,1287.8,No,0,25-48,4
C01040,Male,0,No,No,51,Yes,No,Fiber optic,No,No,No,No,Yes,Yes,Month-to-month,Yes,Bank transfer,66.31,3162.75,No,0,49-72,5
C01041,Male,0,No,No,72,Yes,No,Fiber optic,No,Yes,Yes,No,No,No,Two year,No,Electronic check,70.19,4727.43,Yes,1,49-72,5
C01042,Female,0,No,No,2,Yes,No phone service,No internet service,No internet service,No internet service,No internet service,No internet service,No internet service,No internet service,Month-to-month,No,Mailed check,28.33,61.13,Yes,1,0-6,1
C01043,Female,0,No,Yes,12,Yes,No,DSL,No,No,No,No,Yes,Yes,One year,Yes,Credit card,33.17,374.74,Yes,1,7-12,2
C01044,Female,1,Yes,No,15,Yes,No,Fiber optic,No,No,Yes,No,Yes,No,One year,Yes,Mailed check,55.79,887.74,No,0,13-24,3
C01045,Female,1,No,No,40,No,No phone service,DSL,Yes,No,Yes,Yes,Yes,No,One year,No,Mailed check,27.3,1069.19,No,0,25-48,4
C01046,Male,0,Yes,No,38,Yes,No,No internet service,No internet service,No internet service,No internet service,No internet service,No internet service,No internet service,Two year,Yes,Credit card,29.36,1197.05,No,0,25-48,4
C01047,Female,0,No,No,72,Yes,No,Fiber optic,No,No,Yes,No,No,Yes,One year,Yes,Bank transfer,57.3,4173.41,No,0,49-72,5
C01048,Male,0,No,Yes,28,Yes,No,DSL,No,No,Yes,No,No,No,One year,Yes,Bank transfer,40.72,1191.48,Yes,1,25-48,4
C01049,Male,0,Yes,Yes,72,Yes,Yes,Fiber optic,No,No,Yes,Yes,Yes,No,One year,Yes,Electronic check,60.03,4336.95,Yes,1,49-72,5
C01050,Female,0,No,No,23,Yes,No,DSL,No,Yes,Yes,No,No,No,One year,Yes,Electronic check,38.36,920.23,No,0,13-24,3
C01051,Female,0,Yes,No,27,Yes,Yes,DSL,No,No,No,No,No,No,Month-to-month,Yes,Credit card,39.62,1146.26,No,0,25-48,4
C01052,Male,0,No,Yes,72,No,No phone service,Fiber optic,No,No,Yes,Yes,Yes,No,One year,No,Mailed check,53.88,3583.94,No,0,49-72,5
C01053,Female,0,Yes,No,12,Yes,No,Fiber optic,No,Yes,No,No,Yes,No,Two year,No,Electronic check,48.2,621.38,No,0,7-12,2
C01054,Female,0,Yes,No,67,Yes,No,DSL,No,Yes,No,Yes,No,Yes,Month-to-month,No,Mailed check,35.74,2470.55,Yes,1,49-72,5
C01055,Male,0,Yes,No,21,Yes,No,Fiber optic,Yes,Yes,No,No,No,Yes,Two year,Yes,Bank transfer,60.22,1175.42,No,0,13-24,3
C01056,Male,1,No,Yes,11,Yes,No,No internet service,No internet service,No internet service,No internet service,No internet service,No internet service,No internet service,Month-to-month,No,Bank transfer,29.34,336.75,Yes,1,7-12,2
C01057,Female,1,Yes,No,63,Yes,No,Fiber optic,Yes,No,No,Yes,No,No,One year,Yes,Electronic check,63.66,3903.82,Yes,1,49-72,5
C01058,Female,0,Yes,No,29,Yes,Yes,Fiber optic,Yes,No,Yes,No,No,Yes,Two year,Yes,Electronic check,55.83,1588.9,No,0,25-48,4
C01059,Female,0,Yes,Yes,17,Yes,No,Fiber optic,No,Yes,Yes,No,No,Yes,Two year,Yes,Mailed check,58.69,935.85,No,0,13-24,3
C01060,Male,0,Yes,No,38,Yes,Yes,Fiber optic,Yes,Yes,Yes,No,Yes,No,Month-to-month,Yes,Electronic check,64.24,2604.98,Yes,1,25-48,4
C01061,Male,0,Yes,No,24,Yes,No,Fiber optic,No,Yes,No,No,No,No,Month-to-month,Yes,Bank transfer,55.68,1255.14,Yes,1,13-24,3
C01062,Female,0,Yes,Yes,14,Yes,Yes,DSL,No,No,Yes,No,Yes,No,Month-to-month,Yes,Credit card,35.83,539.88,No,0,13-24,3
C01063,Female,1,No,No,7,No,No phone service,Fiber optic,Yes,Yes,Yes,Yes,No,No,Month-to-month,No,Mailed check,46.82,348.86,Yes,1,7-12,2
C01064,Male,0,Yes,No,28,Yes,No,Fiber optic,No,Yes,No,No,No,Yes,Month-to-month,Yes,Electronic check,65.54,1851.11,Yes,1,25-48,4
C01065,Male,0,Yes,No,7,Yes,No,Fiber optic,Yes,Yes,No,Yes,No,No,Two year,No,Electronic check,75.02,559.23,No,0,7-12,2
C01066,Male,0,No,No,33,Yes,No,DSL,Yes,No,No,No,No,No,Two year,No,Bank transfer,33.44,1086.65,No,0,25-48,4
C01067,Female,0,Yes,No,23,Yes,Yes,Fiber optic,No,No,No,Yes,No,Yes,Month-to-month,Yes,Credit card,59.53,1475.58,Yes,1,13-24,3
C01068,Female,0,No,Yes,32,Yes,Yes,DSL,Yes,No,No,Yes,Yes,Yes,One year,Yes,Credit card,30.77,1011.1,No,0,25-48,4
C01069,Female,0,No,No,15,Yes,No,Fiber optic,No,Yes,Yes,No,Yes,Yes,Month-to-month,No,Electronic check,68.22,1079.71,No,0,13-24,3
C01070,Male,1,Yes,No,30,No,No phone service,No internet service,No internet service,No internet service,No internet service,No internet service,No internet service,No internet service,One year,Yes,Bank transfer,23.87,767.4,Yes,1,25-48,4
C01071,Male,0,Yes,No,25,Yes,Yes,Fiber optic,Yes,No,No,Yes,Yes,No,One year,No,Credit card,62.06,1570.61,Yes,1,25-48,4
C01072,Female,0,Yes,No,10,Yes,No,DSL,No,No,No,No,No,No,One year,Yes,Bank transfer,30.25,279.8,Yes,1,7-12,2
C01073,Female,0,No,No,16,Yes,Yes,DSL,No,No,Yes,No,Yes,No,Month-to-month,Yes,Electronic check,39.75,624.3,Yes,1,13-24,3
C01074,Male,0,No,No,6,Yes,No,Fiber optic,No,No,Yes,No,Yes,No,Month-to-month,Yes,Bank transfer,59.0,337.82,Yes,1,0-6,1
C01075,Female,0,No,No,36,Yes,No,No internet service,No internet service,No internet service,No internet service,No internet service,No internet service,No internet service,Month-to-month,Yes,Mailed check,22.85,887.29,No,0,25-48,4
C01076,Male,1,Yes,No,52,Yes,Yes,Fiber optic,No,Yes,Yes,No,Yes,Yes,Month-to-month,Yes,Bank transfer,61.59,3454.76,No,0,49-72,5
C01077,Female,0,Yes,No,52,Yes,Yes,Fiber optic,Yes,No,Yes,No,Yes,Yes,Two year,Yes,Credit card,60.17,3360.95,No,0,49-72,5
C01078,Female,0,No,No,11,Yes,No,Fiber optic,No,No,No,No,No,No,Month-to-month,Yes,Bank transfer,59.65,606.16,Yes,1,7-12,2
C01079,Male,0,No,No,2,Yes,No,DSL,Yes,Yes,No,No,No,No,Two year,Yes,Mailed check,37.73,74.35,No,0,0-6,1
C01080,Female,0,No,Yes,15,Yes,No,Fiber optic,No,No,Yes,Yes,No,No,One year,Yes,Bank transfer,65.85,1000.02,No,0,13-24,3
C01081,Male,0,No,No,25,No,No phone service,Fiber optic,No,No,No,No,No,No,Month-to-month,Yes,Credit card,52.14,1236.96,Yes,1,25-48,4
C01082,Male,0,No,No,37,Yes,No,Fiber optic,Yes,No,Yes,No,No,No,One year,No,Bank transfer,58.38,2068.74,Yes,1,25-48,4
C01083,Female,0,Yes,No,72,Yes,No,DSL,Yes,Yes,Yes,Yes,No,No,Month-to-month,Yes,Bank transfer,34.73,2378.98,Yes,1,49-72,5
C01084,Male,0,Yes,No,72,Yes,Yes,Fiber optic,No,Yes,No,No,No,No,Two year,Yes,Bank transfer,54.49,3776.36,Yes,1,49-72,5
C01085,Male,0,Yes,No,17,Yes,No phone service,No internet service,No internet service,No internet service,No internet service,No internet service,No internet service,No internet service,One year,Yes,Electronic check,33.96,607.19,No,0,13-24,3
C01086,Female,0,Yes,No,34,Yes,Yes,DSL,No,No,No,No,No,No,Two year,Yes,Electronic check,38.67,1305.91,No,0,25-48,4
C01087,Female,0,Yes,No,72,Yes,No,Fiber optic,No,Yes,No,No,Yes,No,Month-to-month,No,Electronic check,62.96,4379.23,No,0,49-72,5
C01088,Male,0,Yes,No,19,Yes,No,DSL,No,Yes,Yes,Yes,No,Yes,Month-to-month,Yes,Bank transfer,34.74,703.25,Yes,1,13-24,3
C01089,Male,0,No,No,43,Yes,Yes,DSL,No,No,No,No,Yes,Yes,Two year,Yes,Electronic check,40.27,1663.65,No,0,25-48,4
C01090,Male,1,Yes,Yes,65,Yes,Yes,Fiber optic,Yes,No,No,Yes,Yes,No,Month-to-month,No,Credit card,66.43,4450.2,Yes,1,49-72,5
C01091,Male,1,Yes,No,19,Yes,No phone service,No internet service,No internet service,No internet service,No internet service,No internet service,No internet service,No internet service,Month-to-month,No,Credit card,21.14,382.41,Yes,1,13-24,3
C01092,Female,0,Yes,No,30,Yes,Yes,DSL,Yes,No,No,Yes,No,No,Month-to-month,Yes,Mailed check,37.78,1083.17,No,0,25-48,4
C01093,Female,0,Yes,No,51,Yes,No,DSL,No,No,No,No,Yes,No,Two year,No,Credit card,30.59,1613.23,No,0,49-72,5
C01094,Female,0,No,No,24,Yes,Yes,DSL,Yes,No,Yes,No,Yes,No,Two year,Yes,Mailed check,47.24,1201.97,No,0,13-24,3
C01095,Male,0,Yes,No,18,No,No phone service,Fiber optic,No,Yes,Yes,Yes,Yes,No,Month-to-month,No,Credit card,49.61,853.38,No,0,13-24,3
C01096,Male,0,Yes,No,46,Yes,No phone service,No internet service,No internet service,No internet service,No internet service,No internet service,No internet service,No internet service,Month-to-month,Yes,Mailed check,25.17,1174.27,Yes,1,25-48,4
C01097,Male,0,No,No,5,Yes,Yes,DSL,Yes,No,No,Yes,Yes,No,One year,Yes,Credit card,36.48,196.2,No,0,0-6,1
C01098,Male,0,Yes,No,52,Yes,No,No internet service,No internet service,No internet service,No internet service,No internet service,No internet service,No internet service,Two year,No,Mailed check,34.98,1733.64,No,0,49-72,5
C01099,Female,0,Yes,Yes,49,Yes,Yes,DSL,No,Yes,No,No,No,Yes,Month-to-month,No,Mailed check,33.88,1551.25,Yes,1,49-72,5
C01100,Male,0,No,Yes,25,Yes,No,No internet service,No internet service,No internet service,No internet service,No internet service,No internet service,No internet service,Two year,Yes,Credit card,18.0,437.56,No,0,25-48,4
C01101,Male,1,No,Yes,18,Yes,No,Fiber optic,No,No,No,No,No,No,Two year,Yes,Bank transfer,58.93,1061.96,Yes,1,13-24,3
C01102,Male,0,No,Yes,17,Yes,Yes,Fiber optic,No,Yes,No,Yes,No,Yes,Month-to-month,No,Mailed check,58.29,988.31,No,0,13-24,3
C01103,Female,0,Yes,No,72,Yes,No,Fiber optic,No,No,Yes,Yes,No,No,Month-to-month,Yes,Credit card,67.17,4923.58,Yes,1,49-72,5
C01104,Female,0,Yes,No,72,Yes,No,Fiber optic,Yes,No,No,Yes,No,Yes,One year,Yes,Bank transfer,59.98,4100.4,No,0,49-72,5
C01105,Female,1,Yes,No,40,Yes,No,DSL,No,No,No,No,No,Yes,Month-to-month,No,Bank transfer,28.68,1154.9,No,0,25-48,4
C01106,Female,0,No,No,33,Yes,Yes,Fiber optic,No,No,No,No,No,No,Month-to-month,No,Bank transfer,62.23,1898.97,No,0,25-48,4
C01107,Male,1,Yes,No,52,Yes,No,No internet service,No internet service,No internet service,No internet service,No internet service,No internet service,No internet service,Month-to-month,Yes,Electronic check,31.9,1713.51,Yes,1,49-72,5
C01108,Female,0,No,Yes,1,Yes,No phone service,No internet service,No internet service,No internet service,No internet service,No internet service,No internet service,No internet service,Month-to-month,No,Credit card,26.46,27.12,Yes,1,0-6,1
C01109,Male,0,No,No,13,Yes,No,Fiber optic,Yes,No,Yes,No,Yes,No,Month-to-month,Yes,Credit card,66.16,921.34,No,0,13-24,3
C01110,Male,0,Yes,No,64,Yes,Yes,Fiber optic,No,Yes,No,No,No,No,Month-to-month,Yes,Electronic check,60.47,3784.74,Yes,1,49-72,5
C01111,Female,0,Yes,No,72,Yes,No phone service,No internet service,No internet service,No internet service,No internet service,No internet service,No internet service,No internet service,Month-to-month,No,Credit card,33.45,2574.01,No,0,49-72,5
C01112,Male,0,Yes,No,12,Yes,Yes,Fiber optic,No,No,Yes,No,No,Yes,Month-to-month,Yes,Credit card,68.53,782.07,Yes,1,7-12,2
C01113,Male,1,Yes,No,41,Yes,No,No internet service,No internet service,No internet service,No internet service,No internet service,No internet service,No internet service,Two year,No,Mailed check,28.84,1101.09,No,0,25-48,4
C01114,Male,0,Yes,No,49,Yes,Yes,DSL,No,No,No,Yes,No,Yes,One year,No,Credit card,31.51,1574.34,No,0,49-72,5
C01115,Female,0,No,No,31,Yes,No,Fiber optic,No,Yes,No,No,Yes,No,Month-to-month,No,Mailed check,60.93,2019.6,Yes,1,25-48,4
C01116,Male,0,Yes,No,18,Yes,Yes,Fiber optic,No,No,No,No,Yes,No,Month-to-month,Yes,Electronic check,61.67,1031.65,Yes,1,13-24,3
C01117,Male,0,No,Yes,27,Yes,No,No internet service,No internet service,No internet service,No internet service,No internet service,No internet service,No internet service,Month-to-month,Yes,Bank transfer,18.78,478.01,No,0,25-48,4
C01118,Male,0,Yes,No,23,Yes,Yes,DSL,Yes,No,Yes,No,No,No,Month-to-month,No,Electronic check,37.54,911.56,Yes,1,13-24,3
C01119,Female,0,Yes,No,35,Yes,Yes,DSL,No,No,Yes,No,Yes,No,Month-to-month,No,Credit card,37.05,1354.83,No,0,25-48,4
C01120,Female,0,No,No,23,Yes,No,No internet service,No internet service,No internet service,No internet service,No internet service,No internet service,No internet service,One year,Yes,Bank transfer,24.33,595.06,No,0,13-24,3
C01121,Male,0,Yes,Yes,20,Yes,No,No internet service,No internet service,No internet service,No internet service,No internet service,No internet service,No internet service,Month-to-month,No,Mailed check,20.02,411.04,Yes,1,13-24,3
C01122,Female,0,No,No,41,Yes,No,Fiber optic,No,No,No,Yes,No,Yes,Month-to-month,No,Credit card,60.27,2462.82,No,0,25-48,4
C01123,Male,0,No,No,36,Yes,Yes,DSL,No,No,No,Yes,No,Yes,One year,No,Mailed check,39.89,1499.38,No,0,25-48,4
C01124,Female,0,Yes,No,16,Yes,Yes,DSL,No,Yes,Yes,No,Yes,No,Month-to-month,No,Credit card,41.24,683.04,Yes,1,13-24,3
C01125,Female,1,Yes,No,53,Yes,Yes,DSL,No,No,Yes,Yes,Yes,No,Month-to-month,Yes,Electronic check,45.94,2368.99,Yes,1,49-72,5
C01126,Male,0,No,No,58,No,No phone service,Fiber optic,Yes,No,No,No,No,No,Month-to-month,No,Credit card,63.35,3666.72,No,0,49-72,5
C01127,Female,0,Yes,Yes,10,Yes,No,No internet service,No internet service,No internet service,No internet service,No internet service,No internet service,No internet service,One year,No,Electronic check,32.28,326.14,Yes,1,7-12,2
C01128,Female,0,Yes,No,24,Yes,No,DSL,No,No,No,No,Yes,No,Month-to-month,No,Electronic check,42.59,1077.29,Yes,1,13-24,3
C01129,Female,0,Yes,No,41,Yes,No,DSL,No,No,No,Yes,Yes,Yes,One year,Yes,Mailed check,44.23,1875.88,No,0,25-48,4
C01130,Male,0,No,Yes,31,No,No phone service,Fiber optic,No,Yes,Yes,Yes,No,No,Month-to-month,Yes,Electronic check,51.83,1658.93,No,0,25-48,4
C01131,Male,0,No,No,21,Yes,No,Fiber optic,Yes,No,Yes,No,Yes,No,Month-to-month,Yes,Electronic check,60.76,1305.83,Yes,1,13-24,3
C01132,Female,0,Yes,No,55,No,No phone service,DSL,No,No,No,No,No,No,Month-to-month,Yes,Bank transfer,29.88,1620.51,No,0,49-72,5
C01133,Female,0,No,Yes,40,Yes,Yes,DSL,No,No,Yes,No,Yes,No,Month-to-month,No,Bank transfer,41.8,1801.67,Yes,1,25-48,4
C01134,Male,0,No,No,17,Yes,No,DSL,Yes,Yes,No,No,No,No,Two year,Yes,Credit card,31.09,535.08,No,0,13-24,3
C01135,Female,0,No,No,17,Yes,Yes,Fiber optic,Yes,No,No,No,No,No,Month-to-month,Yes,Mailed check,57.32,949.36,Yes,1,13-24,3
C01136,Female,0,No,No,18,Yes,Yes,DSL,Yes,No,No,Yes,Yes,No,Two year,No,Mailed check,43.41,785.01,No,0,13-24,3
C01137,Female,0,Yes,Yes,7,Yes,No,DSL,No,No,No,Yes,Yes,No,One year,No,Credit card,25.32,182.89,Yes,1,7-12,2
C01138,Male,0,No,Yes,10,Yes,No,Fiber optic,No,Yes,Yes,Yes,No,No,Month-to-month,No,Bank transfer,57.64,554.28,Yes,1,7-12,2
C01139,Male,1,Yes,No,57,Yes,No,No internet service,No internet service,No internet service,No internet service,No internet service,No internet service,No internet service,Two year,No,Bank transfer,18.0,1009.11,No,0,49-72,5
C01140,Female,0,Yes,No,4,Yes,No,No internet service,No internet service,No internet service,No internet service,No internet service,No internet service,No internet service,Two year,No,Bank transfer,23.31,91.09,No,0,0-6,1
C01141,Male,0,Yes,No,15,Yes,Yes,Fiber optic,No,No,Yes,No,Yes,No,Month-to-month,No,Electronic check,62.72,986.0,Yes,1,13-24,3
C01142,Female,0,No,Yes,46,Yes,No,DSL,No,No,No,Yes,No,No,Month-to-month,Yes,Bank transfer,37.29,1666.89,Yes,1,25-48,4
C01143,Female,0,Yes,Yes,63,Yes,No,DSL,No,No,No,No,No,Yes,Month-to-month,Yes,Bank transfer,46.22,2798.05,No,0,49-72,5
C01144,Female,1,Yes,Yes,25,Yes,No,Fiber optic,No,Yes,No,Yes,No,Yes,Month-to-month,Yes,Electronic check,64.38,1708.81,No,0,25-48,4
C01145,Female,0,No,Yes,11,Yes,No,Fiber optic,Yes,Yes,No,Yes,Yes,No,Month-to-month,No,Credit card,56.33,608.87,Yes,1,7-12,2
C01146,Female,0,No,No,29,Yes,Yes,Fiber optic,No,No,No,Yes,No,No,Two year,No,Bank transfer,59.66,1861.94,No,0,25-48,4
C01147,Female,0,Yes,Yes,17,Yes,No,DSL,No,No,Yes,No,Yes,Yes,Month-to-month,No,Mailed check,40.45,640.95,No,0,13-24,3
C01148,Female,0,Yes,Yes,35,Yes,No,DSL,Yes,Yes,No,No,No,Yes,Month-to-month,No,Mailed check,37.64,1371.22,Yes,1,25-48,4
C01149,Male,0,Yes,No,16,Yes,No phone service,No internet service,No internet service,No internet service,No internet service,No internet service,No internet service,No internet service,Month-to-month,No,Electronic check,27.58,450.03,No,0,13-24,3
C01150,Male,0,Yes,No,8,Yes,Yes,Fiber optic,Yes,No,No,No,No,No,Month-to-month,No,Electronic check,62.24,499.45,Yes,1,7-12,2
C01151,Male,0,No,No,32,Yes,Yes,Fiber optic,Yes,No,No,Yes,No,Yes,Month-to-month,Yes,Bank transfer,61.5,1997.32,Yes,1,25-48,4
C01152,Male,0,No,No,5,Yes,Yes,Fiber optic,Yes,No,No,No,Yes,No,One year,No,Mailed check,54.87,271.22,No,0,0-6,1
C01153,Female,0,No,Yes,72,Yes,No,Fiber optic,Yes,Yes,No,No,No,No,Month-to-month,No,Bank transfer,68.49,4989.65,No,0,49-72,5
C01154,Female,0,Yes,No,42,Yes,No,DSL,Yes,No,No,No,Yes,No,One year,Yes,Credit card,42.58,1721.97,No,0,25-48,4
C01155,Female,1,Yes,Yes,40,Yes,No,DSL,No,Yes,Yes,Yes,Yes,Yes,Month-to-month,Yes,Mailed check,42.21,1609.74,No,0,25-48,4
C01156,Female,0,No,Yes,72,Yes,No phone service,No internet service,No internet service,No internet service,No internet service,No internet service,No internet service,No internet service,Two year,No,Credit card,26.64,1969.77,No,0,49-72,5
C01157,Female,0,Yes,No,1,Yes,Yes,DSL,Yes,No,Yes,No,No,Yes,Month-to-month,No,Electronic check,43.5,41.19,Yes,1,0-6,1
C01158,Female,0,Yes,Yes,40,Yes,No,Fiber optic,No,No,No,Yes,No,No,Month-to-month,Yes,Electronic check,61.58,2554.05,Yes,1,25-48,4
C01159,Male,0,Yes,No,20,Yes,No,Fiber optic,Yes,No,No,No,No,No,Month-to-month,Yes,Electronic check,61.97,1252.77,Yes,1,13-24,3
C01160,Male,0,Yes,No,16,Yes,No,Fiber optic,Yes,No,No,Yes,Yes,Yes,One year,No,Mailed check,55.57,950.88,No,0,13-24,3
C01161,Female,0,No,No,8,Yes,No,DSL,No,No,No,No,No,No,Month-to-month,Yes,Electronic check,48.7,403.7,Yes,1,7-12,2
C01162,Male,0,Yes,Yes,12,Yes,Yes,DSL,Yes,Yes,No,No,No,Yes,Two year,No,Credit card,32.02,377.68,Yes,1,7-12,2
C01163,Male,1,Yes,No,38,Yes,No,Fiber optic,No,No,No,Yes,Yes,No,One year,No,Electronic check,67.08,2446.99,No,0,25-48,4
C01164,Male,0,Yes,No,30,Yes,No,Fiber optic,Yes,No,Yes,No,Yes,No,Month-to-month,No,Mailed check,57.81,1782.48,Yes,1,25-48,4
C01165,Male,0,No,No,62,Yes,No,Fiber optic,No,No,No,No,No,Yes,Month-to-month,No,Mailed check,54.96,3387.9,Yes,1,49-72,5
C01166,Female,0,Yes,No,54,Yes,No,DSL,No,No,Yes,No,Yes,No,Month-to-month,Yes,Electronic check,33.88,1945.06,Yes,1,49-72,5
C01167,Female,0,Yes,No,45,Yes,No,Fiber optic,No,No,No,No,No,No,Month-to-month,Yes,Bank transfer,63.71,3036.83,Yes,1,25-48,4
C01168,Male,1,Yes,Yes,51,Yes,No,DSL,Yes,No,No,No,Yes,No,Month-to-month,No,Electronic check,34.02,1836.88,No,0,49-72,5
C01169,Female,0,No,No,49,Yes,No,Fiber optic,No,Yes,Yes,No,No,No,Month-to-month,No,Credit card,56.92,2851.49,No,0,49-72,5
C01170,Male,0,No,No,43,Yes,No,No internet service,No internet service,No internet service,No internet service,No internet service,No internet service,No internet service,Month-to-month,Yes,Mailed check,29.38,1243.18,Yes,1,25-48,4
C01171,Female,0,No,Yes,38,Yes,No,DSL,No,No,No,Yes,No,No,Month-to-month,No,Mailed check,31.56,1201.33,Yes,1,25-48,4
C01172,Female,1,No,No,43,Yes,Yes,Fiber optic,No,No,No,No,No,No,One year,No,Electronic check,60.12,2712.39,Yes,1,25-48,4
C01173,Female,0,Yes,Yes,24,Yes,No phone service,No internet service,No internet service,No internet service,No internet service,No internet service,No internet service,No internet service,One year,No,Bank transfer,26.18,595.33,No,0,13-24,3
C01174,Female,0,Yes,No,45,Yes,No,DSL,Yes,Yes,No,Yes,Yes,No,One year,No,Mailed check,43.39,2032.82,No,0,25-48,4
C01175,Female,0,Yes,No,16,No,No phone service,Fiber optic,No,No,No,No,Yes,No,Month-to-month,Yes,Bank transfer,51.37,839.76,No,0,13-24,3
C01176,Male,0,No,No,24,Yes,No,Fiber optic,No,No,No,No,Yes,No,Two year,No,Electronic check,70.18,1702.2,No,0,13-24,3
C01177,Female,0,No,No,25,Yes,No,DSL,No,No,No,No,No,No,Month-to-month,Yes,Mailed check,46.79,1156.53,Yes,1,25-48,4
C01178,Male,0,Yes,No,72,Yes,No,Fiber optic,No,No,Yes,No,No,No,Month-to-month,Yes,Mailed check,58.21,4218.0,No,0,49-72,5
C01179,Female,0,Yes,Yes,11,Yes,No,Fiber optic,Yes,No,No,Yes,Yes,No,Month-to-month,No,Bank transfer,62.84,701.0,No,0,7-12,2
C01180,Male,0,Yes,Yes,21,Yes,Yes,Fiber optic,No,No,Yes,No,Yes,No,One year,Yes,Mailed check,61.38,1326.31,Yes,1,13-24,3
C01181,Male,0,No,Yes,41,Yes,No,Fiber optic,Yes,Yes,No,No,No,Yes,One year,No,Electronic check,54.55,2395.13,No,0,25-48,4
C01182,Male,1,No,No,40,Yes,Yes,Fiber optic,No,Yes,No,Yes,No,No,Month-to-month,Yes,Bank transfer,57.9,2488.94,Yes,1,25-48,4
C01183,Male,0,No,No,41,Yes,No,Fiber optic,Yes,No,No,Yes,No,No,One year,Yes,Electronic check,57.64,2177.17,No,0,25-48,4
C01184,Male,0,No,Yes,29,Yes,No,DSL,No,Yes,Yes,Yes,Yes,No,One year,Yes,Electronic check,36.52,1109.68,Yes,1,25-48,4
C01185,Male,0,No,No,10,Yes,Yes,Fiber optic,Yes,Yes,Yes,No,Yes,No,Month-to-month,Yes,Electronic check,62.99,666.56,Yes,1,7-12,2
C01186,Male,0,No,No,10,Yes,No phone service,No internet service,No internet service,No internet service,No internet service,No internet service,No internet service,No internet service,Month-to-month,Yes,Bank transfer,26.93,289.73,Yes,1,7-12,2
C01187,Male,0,No,No,24,Yes,No phone service,No internet service,No internet service,No internet service,No internet service,No internet service,No internet service,No internet service,Month-to-month,Yes,Credit card,28.87,739.36,No,0,13-24,3
C01188,Female,0,No,No,33,No,No phone service,Fiber optic,Yes,No,No,Yes,No,Yes,Month-to-month,Yes,Credit card,53.65,1771.34,Yes,1,25-48,4
C01189,Male,0,No,Yes,21,Yes,No,Fiber optic,No,No,Yes,Yes,No,Yes,Month-to-month,No,Electronic check,63.4,1285.18,Yes,1,13-24,3
C01190,Female,0,Yes,No,22,Yes,No,Fiber optic,No,Yes,Yes,No,Yes,Yes,One year,No,Electronic check,59.43,1239.32,No,0,13-24,3
C01191,Female,0,Yes,Yes,21,No,No phone service,DSL,No,No,No,No,No,No,One year,Yes,Bank transfer,33.62,739.82,Yes,1,13-24,3
C01192,Female,0,No,No,38,Yes,No,Fiber optic,No,Yes,No,No,Yes,Yes,Month-to-month,Yes,Bank transfer,68.83,2626.73,No,0,25-48,4
C01193,Female,0,No,No,26,Yes,No,Fiber optic,No,Yes,No,Yes,No,No,Two year,Yes,Bank transfer,58.43,1437.01,No,0,25-48,4
C01194,Female,0,No,No,34,Yes,No,DSL,Yes,No,No,No,No,No,One year,Yes,Credit card,40.6,1459.95,No,0,25-48,4
C01195,Male,0,No,No,8,Yes,No phone service,No internet service,No internet service,No internet service,No internet service,No internet service,No internet service,No internet service,Two year,Yes,Electronic check,30.63,261.85,No,0,7-12,2
C01196,Male,1,No,Yes,1,Yes,No,No internet service,No internet service,No internet service,No internet service,No internet service,No internet service,No internet service,Month-to-month,Yes,Mailed check,28.64,28.25,No,0,0-6,1
C01197,Male,0,Yes,No,17,Yes,No,DSL,Yes,No,Yes,No,No,No,One year,No,Credit card,36.82,640.17,Yes,1,13-24,3
C01198,Male,0,No,No,10,Yes,No,Fiber optic,No,Yes,No,Yes,No,Yes,One year,Yes,Electronic check,72.19,773.75,Yes,1,7-12,2
C01199,Male,0,Yes,Yes,26,Yes,No,DSL,No,No,No,Yes,Yes,No,Month-to-month,Yes,Electronic check,45.52,1153.58,No,0,25-48,4
C01200,Female,0,No,Yes,4,Yes,No,Fiber optic,No,No,No,No,No,No,Month-to-month,No,Credit card,52.98,216.99,Yes,1,0-6,1
